,address,city,state,zipcode,apt,price,bedroom,bathroom,sqft
0,1950 Ashbourne Rd,Elkins Park,Pennsylvania,19027,Modern/Junior,995.0,1.0,1.0,575.0
1,1950 Ashbourne Rd,Elkins Park,Pennsylvania,19027,Dynasty,1100.0,1.0,1.0,647.0
2,1950 Ashbourne Rd,Elkins Park,Pennsylvania,19027,Victorian,1100.0,1.0,1.0,622.0
3,1950 Ashbourne Rd,Elkins Park,Pennsylvania,19027,Colonial,1320.0,2.0,1.0,810.0
4,1950 Ashbourne Rd,Elkins Park,Pennsylvania,19027,Renaissance,1800.0,3.0,1.5,1120.0
5,3201 Race Street,Philadelphia,Pennsylvania,19104,Junior 1 Bed 1 Bath A4.11,1598.0,1.0,1.0,494.0
6,3201 Race Street,Philadelphia,Pennsylvania,19104,0309,1700.0,1.0,1.0,494.0
7,3201 Race Street,Philadelphia,Pennsylvania,19104,1103,1750.0,1.0,1.0,494.0
8,3201 Race Street,Philadelphia,Pennsylvania,19104,1705,1860.0,1.0,1.0,494.0
9,3201 Race Street,Philadelphia,Pennsylvania,19104,1109,1750.0,1.0,1.0,494.0
10,3201 Race Street,Philadelphia,Pennsylvania,19104,1 Bed 1 Bath A4.12,1970.0,1.0,1.0,609.0
11,3201 Race Street,Philadelphia,Pennsylvania,19104,1208,1970.0,1.0,1.0,609.0
12,3201 Race Street,Philadelphia,Pennsylvania,19104,2 Bed 2 Bath A4.16,2865.0,2.0,2.0,969.0
13,3201 Race Street,Philadelphia,Pennsylvania,19104,0601,2865.0,2.0,2.0,969.0
14,3201 Race Street,Philadelphia,Pennsylvania,19104,0701,2870.0,2.0,2.0,969.0
15,3201 Race Street,Philadelphia,Pennsylvania,19104,0801,2875.0,2.0,2.0,969.0
16,3201 Race Street,Philadelphia,Pennsylvania,19104,0301,2850.0,2.0,2.0,969.0
17,3201 Race Street,Philadelphia,Pennsylvania,19104,2 Bed 2 Bath A4.13,2900.0,2.0,2.0,1029.0
18,3201 Race Street,Philadelphia,Pennsylvania,19104,0311,2900.0,2.0,2.0,1029.0
19,3201 Race Street,Philadelphia,Pennsylvania,19104,2 Bed 2 Bath A4.14,,2.0,2.0,935.0
20,3201 Race Street,Philadelphia,Pennsylvania,19104,2 Bed 2 Bath A4.15,,2.0,2.0,910.0
21,3201 Race Street,Philadelphia,Pennsylvania,19104,3 Bed/2 Bath A4.17,5100.0,3.0,2.0,1495.0
22,3201 Race Street,Philadelphia,Pennsylvania,19104,1701,5100.0,3.0,2.0,1495.0
23,1520 Hamilton Street,Philadelphia,Pennsylvania,19130,Studio-S4B,1894.0,0.0,1.0,469.0
24,1520 Hamilton Street,Philadelphia,Pennsylvania,19130,0903,1894.0,0.0,1.0,469.0
25,1520 Hamilton Street,Philadelphia,Pennsylvania,19130,1003,1994.0,0.0,1.0,469.0
26,1520 Hamilton Street,Philadelphia,Pennsylvania,19130,Studio-S1,1455.0,0.0,1.0,329.0
27,1520 Hamilton Street,Philadelphia,Pennsylvania,19130,0730,1490.0,0.0,1.0,329.0
28,1520 Hamilton Street,Philadelphia,Pennsylvania,19130,0905,1455.0,0.0,1.0,329.0
29,1520 Hamilton Street,Philadelphia,Pennsylvania,19130,Studio-S1A,,0.0,1.0,360.0
30,1520 Hamilton Street,Philadelphia,Pennsylvania,19130,Studio-S1AP,,0.0,1.0,387.0
31,1520 Hamilton Street,Philadelphia,Pennsylvania,19130,Studio-S1B,,0.0,1.0,342.0
32,1520 Hamilton Street,Philadelphia,Pennsylvania,19130,Studio-S2,,0.0,1.0,344.0
33,1520 Hamilton Street,Philadelphia,Pennsylvania,19130,Studio-S3,,0.0,1.0,382.0
34,1520 Hamilton Street,Philadelphia,Pennsylvania,19130,Studio-S4,,0.0,1.0,431.0
35,1520 Hamilton Street,Philadelphia,Pennsylvania,19130,1 Bed/1 Bath-01A,1630.0,1.0,1.0,509.0
36,1520 Hamilton Street,Philadelphia,Pennsylvania,19130,0406,1770.0,1.0,1.0,509.0
37,1520 Hamilton Street,Philadelphia,Pennsylvania,19130,0606,1630.0,1.0,1.0,509.0
38,1520 Hamilton Street,Philadelphia,Pennsylvania,19130,1 Bed/1 Bath-01B,1732.0,1.0,1.0,550.0
39,1520 Hamilton Street,Philadelphia,Pennsylvania,19130,0325,1732.0,1.0,1.0,550.0
40,1520 Hamilton Street,Philadelphia,Pennsylvania,19130,1 Bed/1 Bath-03P,1983.0,1.0,1.0,556.0
41,1520 Hamilton Street,Philadelphia,Pennsylvania,19130,0920,2261.0,1.0,1.0,556.0
42,1520 Hamilton Street,Philadelphia,Pennsylvania,19130,0921,2161.0,1.0,1.0,556.0
43,1520 Hamilton Street,Philadelphia,Pennsylvania,19130,0922,2261.0,1.0,1.0,556.0
44,1520 Hamilton Street,Philadelphia,Pennsylvania,19130,1018,2361.0,1.0,1.0,556.0
45,1520 Hamilton Street,Philadelphia,Pennsylvania,19130,1019,2261.0,1.0,1.0,556.0
46,1520 Hamilton Street,Philadelphia,Pennsylvania,19130,1020,2361.0,1.0,1.0,556.0
47,1520 Hamilton Street,Philadelphia,Pennsylvania,19130,1021,2261.0,1.0,1.0,556.0
48,1520 Hamilton Street,Philadelphia,Pennsylvania,19130,1022,2361.0,1.0,1.0,556.0
49,1520 Hamilton Street,Philadelphia,Pennsylvania,19130,1024,2361.0,1.0,1.0,556.0
50,1520 Hamilton Street,Philadelphia,Pennsylvania,19130,1 Bed/1 Bath-04,2029.0,1.0,1.0,600.0
51,1520 Hamilton Street,Philadelphia,Pennsylvania,19130,0407,2084.0,1.0,1.0,600.0
52,1520 Hamilton Street,Philadelphia,Pennsylvania,19130,0410,2084.0,1.0,1.0,600.0
53,1520 Hamilton Street,Philadelphia,Pennsylvania,19130,0517,2089.0,1.0,1.0,600.0
54,1520 Hamilton Street,Philadelphia,Pennsylvania,19130,0709,2104.0,1.0,1.0,600.0
55,1520 Hamilton Street,Philadelphia,Pennsylvania,19130,0710,2104.0,1.0,1.0,600.0
56,1520 Hamilton Street,Philadelphia,Pennsylvania,19130,0807,2114.0,1.0,1.0,600.0
57,1520 Hamilton Street,Philadelphia,Pennsylvania,19130,0809,2114.0,1.0,1.0,600.0
58,1520 Hamilton Street,Philadelphia,Pennsylvania,19130,0810,2114.0,1.0,1.0,600.0
59,1520 Hamilton Street,Philadelphia,Pennsylvania,19130,1 Bed/1 Bath-04P,2155.0,1.0,1.0,625.0
60,1520 Hamilton Street,Philadelphia,Pennsylvania,19130,0910,2400.0,1.0,1.0,625.0
61,1520 Hamilton Street,Philadelphia,Pennsylvania,19130,0916,2500.0,1.0,1.0,625.0
62,1520 Hamilton Street,Philadelphia,Pennsylvania,19130,0917,2400.0,1.0,1.0,625.0
63,1520 Hamilton Street,Philadelphia,Pennsylvania,19130,1007,2500.0,1.0,1.0,625.0
64,1520 Hamilton Street,Philadelphia,Pennsylvania,19130,1009,2500.0,1.0,1.0,625.0
65,1520 Hamilton Street,Philadelphia,Pennsylvania,19130,1016,2600.0,1.0,1.0,625.0
66,1520 Hamilton Street,Philadelphia,Pennsylvania,19130,1 Bed/1 Bath-03,,1.0,1.0,533.0
67,1520 Hamilton Street,Philadelphia,Pennsylvania,19130,0519,1683.0,1.0,1.0,533.0
68,1520 Hamilton Street,Philadelphia,Pennsylvania,19130,1 Bed/1 Bath-02,1745.0,1.0,1.0,500.0
69,1520 Hamilton Street,Philadelphia,Pennsylvania,19130,0508,1745.0,1.0,1.0,500.0
70,1520 Hamilton Street,Philadelphia,Pennsylvania,19130,1 Bed/1 Bath-01,,1.0,1.0,558.0
71,1520 Hamilton Street,Philadelphia,Pennsylvania,19130,1 Bed/1 Bath-03A,,1.0,1.0,554.0
72,1520 Hamilton Street,Philadelphia,Pennsylvania,19130,2 Bed/2 Bath-T1AP,2880.0,2.0,2.0,935.0
73,1520 Hamilton Street,Philadelphia,Pennsylvania,19130,1002,3130.0,2.0,2.0,935.0
74,1520 Hamilton Street,Philadelphia,Pennsylvania,19130,2 Bed/2 Bath-T5P,2900.0,2.0,2.0,938.0
75,1520 Hamilton Street,Philadelphia,Pennsylvania,19130,1014,3164.0,2.0,2.0,938.0
76,1520 Hamilton Street,Philadelphia,Pennsylvania,19130,2 Bed/2 Bath-T5AP,2980.0,2.0,2.0,910.0
77,1520 Hamilton Street,Philadelphia,Pennsylvania,19130,0915,2980.0,2.0,2.0,910.0
78,1520 Hamilton Street,Philadelphia,Pennsylvania,19130,1015,3080.0,2.0,2.0,910.0
79,1520 Hamilton Street,Philadelphia,Pennsylvania,19130,2 Bed/2 Bath-T1P,3000.0,2.0,2.0,934.0
80,1520 Hamilton Street,Philadelphia,Pennsylvania,19130,1001,3250.0,2.0,2.0,934.0
81,1520 Hamilton Street,Philadelphia,Pennsylvania,19130,2 Bed/2 Bath-T4P,3050.0,2.0,2.0,979.0
82,1520 Hamilton Street,Philadelphia,Pennsylvania,19130,1029,3287.0,2.0,2.0,979.0
83,1520 Hamilton Street,Philadelphia,Pennsylvania,19130,2 Bed/2 Bath-T2,2427.0,2.0,2.0,911.0
84,1520 Hamilton Street,Philadelphia,Pennsylvania,19130,0831,2427.0,2.0,2.0,911.0
85,1520 Hamilton Street,Philadelphia,Pennsylvania,19130,2 Bed/2 Bath-T1,,2.0,2.0,908.0
86,1520 Hamilton Street,Philadelphia,Pennsylvania,19130,2 Bed/2 Bath-T1A,,2.0,2.0,912.0
87,1520 Hamilton Street,Philadelphia,Pennsylvania,19130,2 Bed/2 Bath-T2P,,2.0,2.0,934.0
88,1520 Hamilton Street,Philadelphia,Pennsylvania,19130,2 Bed/2 Bath-T3,,2.0,2.0,923.0
89,1520 Hamilton Street,Philadelphia,Pennsylvania,19130,2 Bed/2 Bath-T3A,,2.0,2.0,986.0
90,1520 Hamilton Street,Philadelphia,Pennsylvania,19130,2 Bed/2 Bath-T3AP,,2.0,2.0,1012.0
91,1520 Hamilton Street,Philadelphia,Pennsylvania,19130,2 Bed/2 Bath-T4,,2.0,2.0,953.0
92,1520 Hamilton Street,Philadelphia,Pennsylvania,19130,2 Bed/2 Bath-T5,,2.0,2.0,913.0
93,1520 Hamilton Street,Philadelphia,Pennsylvania,19130,2 Bed/2 Bath-T5A,,2.0,2.0,884.0
94,1213 Walnut Street,Philadelphia,Pennsylvania,19107,Studio-S3,1930.0,0.0,1.0,433.0
95,1213 Walnut Street,Philadelphia,Pennsylvania,19107,0606,1930.0,0.0,1.0,433.0
96,1213 Walnut Street,Philadelphia,Pennsylvania,19107,1906,2130.0,0.0,1.0,433.0
97,1213 Walnut Street,Philadelphia,Pennsylvania,19107,2306,2330.0,0.0,1.0,433.0
98,1213 Walnut Street,Philadelphia,Pennsylvania,19107,2406,2455.0,0.0,1.0,433.0
99,1213 Walnut Street,Philadelphia,Pennsylvania,19107,Studio-S1,2321.0,0.0,1.0,442.0
100,1213 Walnut Street,Philadelphia,Pennsylvania,19107,2409,2321.0,0.0,1.0,442.0
101,1213 Walnut Street,Philadelphia,Pennsylvania,19107,Studio-S2,,0.0,1.0,460.0
102,1213 Walnut Street,Philadelphia,Pennsylvania,19107,Studio-S4,,0.0,1.0,501.0
103,1213 Walnut Street,Philadelphia,Pennsylvania,19107,1 Bed/1 Bath-A3,2100.0,1.0,1.0,557.0
104,1213 Walnut Street,Philadelphia,Pennsylvania,19107,0408,2100.0,1.0,1.0,557.0
105,1213 Walnut Street,Philadelphia,Pennsylvania,19107,1 Bed/1 Bath-A5,2161.0,1.0,1.0,587.0
106,1213 Walnut Street,Philadelphia,Pennsylvania,19107,0910,2286.0,1.0,1.0,587.0
107,1213 Walnut Street,Philadelphia,Pennsylvania,19107,1210,2301.0,1.0,1.0,587.0
108,1213 Walnut Street,Philadelphia,Pennsylvania,19107,1810,2341.0,1.0,1.0,587.0
109,1213 Walnut Street,Philadelphia,Pennsylvania,19107,0710,2161.0,1.0,1.0,587.0
110,1213 Walnut Street,Philadelphia,Pennsylvania,19107,1 Bed/1 Bath-A1,2165.0,1.0,1.0,542.0
111,1213 Walnut Street,Philadelphia,Pennsylvania,19107,0703,2165.0,1.0,1.0,542.0
112,1213 Walnut Street,Philadelphia,Pennsylvania,19107,1 Bed/1 Bath-A2,2175.0,1.0,1.0,532.0
113,1213 Walnut Street,Philadelphia,Pennsylvania,19107,0707,2175.0,1.0,1.0,532.0
114,1213 Walnut Street,Philadelphia,Pennsylvania,19107,1207,2190.0,1.0,1.0,532.0
115,1213 Walnut Street,Philadelphia,Pennsylvania,19107,1 Bed/1 Bath-A9,2421.0,1.0,1.0,656.0
116,1213 Walnut Street,Philadelphia,Pennsylvania,19107,0301,2421.0,1.0,1.0,656.0
117,1213 Walnut Street,Philadelphia,Pennsylvania,19107,1 Bed/1 Bath-A8,2424.0,1.0,1.0,640.0
118,1213 Walnut Street,Philadelphia,Pennsylvania,19107,0714,2424.0,1.0,1.0,640.0
119,1213 Walnut Street,Philadelphia,Pennsylvania,19107,1114,2439.0,1.0,1.0,640.0
120,1213 Walnut Street,Philadelphia,Pennsylvania,19107,2314,2679.0,1.0,1.0,640.0
121,1213 Walnut Street,Philadelphia,Pennsylvania,19107,1 Bed/1 Bath-A10,2578.0,1.0,1.0,694.0
122,1213 Walnut Street,Philadelphia,Pennsylvania,19107,0411,2578.0,1.0,1.0,694.0
123,1213 Walnut Street,Philadelphia,Pennsylvania,19107,0711,2648.0,1.0,1.0,694.0
124,1213 Walnut Street,Philadelphia,Pennsylvania,19107,1 Bed/1 Bath Den-A12,2684.0,1.0,1.0,776.0
125,1213 Walnut Street,Philadelphia,Pennsylvania,19107,0713,2684.0,1.0,1.0,776.0
126,1213 Walnut Street,Philadelphia,Pennsylvania,19107,0913,2684.0,1.0,1.0,776.0
127,1213 Walnut Street,Philadelphia,Pennsylvania,19107,1413,2714.0,1.0,1.0,776.0
128,1213 Walnut Street,Philadelphia,Pennsylvania,19107,1 Bed/1 Bath Den-A14,3300.0,1.0,1.0,836.0
129,1213 Walnut Street,Philadelphia,Pennsylvania,19107,2504,3300.0,1.0,1.0,836.0
130,1213 Walnut Street,Philadelphia,Pennsylvania,19107,2604,3627.0,1.0,1.0,836.0
131,1213 Walnut Street,Philadelphia,Pennsylvania,19107,1 Bed/1 Bath Den-A13,,1.0,1.0,1034.0
132,1213 Walnut Street,Philadelphia,Pennsylvania,19107,1 Bed/1 Bath-A11,,1.0,1.0,662.0
133,1213 Walnut Street,Philadelphia,Pennsylvania,19107,1 Bed/1 Bath-A4,,1.0,1.0,555.0
134,1213 Walnut Street,Philadelphia,Pennsylvania,19107,1 Bed/1 Bath-A6,,1.0,1.0,604.0
135,1213 Walnut Street,Philadelphia,Pennsylvania,19107,1 Bed/1 Bath-A7,,1.0,1.0,614.0
136,1213 Walnut Street,Philadelphia,Pennsylvania,19107,2 Bed/2 Bath-B4,2951.0,2.0,2.0,828.0
137,1213 Walnut Street,Philadelphia,Pennsylvania,19107,1502,2951.0,2.0,2.0,828.0
138,1213 Walnut Street,Philadelphia,Pennsylvania,19107,1602,2951.0,2.0,2.0,828.0
139,1213 Walnut Street,Philadelphia,Pennsylvania,19107,2 Bed/2 Bath-B1,3204.0,2.0,2.0,830.0
140,1213 Walnut Street,Philadelphia,Pennsylvania,19107,0805,3204.0,2.0,2.0,830.0
141,1213 Walnut Street,Philadelphia,Pennsylvania,19107,2405,3734.0,2.0,2.0,830.0
142,1213 Walnut Street,Philadelphia,Pennsylvania,19107,2 Bed/2 Bath-B6,3813.0,2.0,2.0,951.0
143,1213 Walnut Street,Philadelphia,Pennsylvania,19107,0704,3813.0,2.0,2.0,951.0
144,1213 Walnut Street,Philadelphia,Pennsylvania,19107,1104,3828.0,2.0,2.0,951.0
145,1213 Walnut Street,Philadelphia,Pennsylvania,19107,1804,4118.0,2.0,2.0,951.0
146,1213 Walnut Street,Philadelphia,Pennsylvania,19107,2404,4443.0,2.0,2.0,951.0
147,1213 Walnut Street,Philadelphia,Pennsylvania,19107,2 Bed/2 Bath-B2,4066.0,2.0,2.0,826.0
148,1213 Walnut Street,Philadelphia,Pennsylvania,19107,2502,4066.0,2.0,2.0,826.0
149,1213 Walnut Street,Philadelphia,Pennsylvania,19107,2 Bed/2 Bath-B3,,2.0,2.0,894.0
150,1213 Walnut Street,Philadelphia,Pennsylvania,19107,2 Bed/2 Bath-B7,,2.0,2.0,1102.0
151,1213 Walnut Street,Philadelphia,Pennsylvania,19107,2 Bed/2 Bath-B8,,2.0,2.0,1205.0
152,1213 Walnut Street,Philadelphia,Pennsylvania,19107,2 Bed/2 Bath-B9,,2.0,2.0,1155.0
153,1500 Locust Street,Philadelphia,Pennsylvania,19102,Studio/1 Bath - 497 sf,1559.0,0.0,1.0,497.0
154,1500 Locust Street,Philadelphia,Pennsylvania,19102,4102,1634.0,0.0,1.0,497.0
155,1500 Locust Street,Philadelphia,Pennsylvania,19102,4402,1914.0,0.0,1.0,497.0
156,1500 Locust Street,Philadelphia,Pennsylvania,19102,4302,1884.0,0.0,1.0,497.0
157,1500 Locust Street,Philadelphia,Pennsylvania,19102,1 Bed/1 Bath - 747 sf,1841.0,1.0,1.0,747.0
158,1500 Locust Street,Philadelphia,Pennsylvania,19102,1412,2046.0,1.0,1.0,747.0
159,1500 Locust Street,Philadelphia,Pennsylvania,19102,4318,2201.0,1.0,1.0,747.0
160,1500 Locust Street,Philadelphia,Pennsylvania,19102,4306,2401.0,1.0,1.0,747.0
161,1500 Locust Street,Philadelphia,Pennsylvania,19102,1812,1924.0,1.0,1.0,747.0
162,1500 Locust Street,Philadelphia,Pennsylvania,19102,2812,2026.0,1.0,1.0,747.0
163,1500 Locust Street,Philadelphia,Pennsylvania,19102,3109,2026.0,1.0,1.0,747.0
164,1500 Locust Street,Philadelphia,Pennsylvania,19102,4307,2401.0,1.0,1.0,747.0
165,1500 Locust Street,Philadelphia,Pennsylvania,19102,4103,2156.0,1.0,1.0,747.0
166,1500 Locust Street,Philadelphia,Pennsylvania,19102,4314,2186.0,1.0,1.0,747.0
167,1500 Locust Street,Philadelphia,Pennsylvania,19102,4403,2326.0,1.0,1.0,747.0
168,1500 Locust Street,Philadelphia,Pennsylvania,19102,4107,2151.0,1.0,1.0,747.0
169,1500 Locust Street,Philadelphia,Pennsylvania,19102,2615,1841.0,1.0,1.0,747.0
170,1500 Locust Street,Philadelphia,Pennsylvania,19102,1 Bed/1 Bath - 911 sf,1950.0,1.0,1.0,911.0
171,1500 Locust Street,Philadelphia,Pennsylvania,19102,1401,1950.0,1.0,1.0,911.0
172,1500 Locust Street,Philadelphia,Pennsylvania,19102,2001,2015.0,1.0,1.0,911.0
173,1500 Locust Street,Philadelphia,Pennsylvania,19102,1 Bed/1 Bath w Terrace - 886 sf,2180.0,1.0,1.0,886.0
174,1500 Locust Street,Philadelphia,Pennsylvania,19102,2911,2230.0,1.0,1.0,886.0
175,1500 Locust Street,Philadelphia,Pennsylvania,19102,2610,2180.0,1.0,1.0,886.0
176,1500 Locust Street,Philadelphia,Pennsylvania,19102,1 Bed/1 Bath - 667 sf,2256.0,1.0,1.0,667.0
177,1500 Locust Street,Philadelphia,Pennsylvania,19102,4410,2256.0,1.0,1.0,667.0
178,1500 Locust Street,Philadelphia,Pennsylvania,19102,1 Bed/1 Bath - 844 sf,1725.0,1.0,1.0,844.0
179,1500 Locust Street,Philadelphia,Pennsylvania,19102,1604,1725.0,1.0,1.0,844.0
180,1500 Locust Street,Philadelphia,Pennsylvania,19102,2817,1885.0,1.0,1.0,844.0
181,1500 Locust Street,Philadelphia,Pennsylvania,19102,2 Bed/2 Bath w Terrace - 1264 sf,2927.0,2.0,2.0,1264.0
182,1500 Locust Street,Philadelphia,Pennsylvania,19102,1816,2927.0,2.0,2.0,1264.0
183,1500 Locust Street,Philadelphia,Pennsylvania,19102,4405,3657.0,2.0,2.0,1264.0
184,1500 Locust Street,Philadelphia,Pennsylvania,19102,1516,2932.0,2.0,2.0,1264.0
185,1500 Locust Street,Philadelphia,Pennsylvania,19102,2105,2997.0,2.0,2.0,1264.0
186,1500 Locust Street,Philadelphia,Pennsylvania,19102,3816,2997.0,2.0,2.0,1264.0
187,1500 Locust Street,Philadelphia,Pennsylvania,19102,2016,2927.0,2.0,2.0,1264.0
188,1500 Locust Street,Philadelphia,Pennsylvania,19102,3516,2997.0,2.0,2.0,1264.0
189,1500 Locust Street,Philadelphia,Pennsylvania,19102,2 Bed/2 Bath w Terrace - 1113 sf,2962.0,2.0,2.0,1113.0
190,1500 Locust Street,Philadelphia,Pennsylvania,19102,3213,2962.0,2.0,2.0,1113.0
191,1500 Locust Street,Philadelphia,Pennsylvania,19102,4213,3312.0,2.0,2.0,1113.0
192,1500 Locust Street,Philadelphia,Pennsylvania,19102,3313,2967.0,2.0,2.0,1113.0
193,1500 Locust Street,Philadelphia,Pennsylvania,19102,3913,2967.0,2.0,2.0,1113.0
194,1500 Locust Street,Philadelphia,Pennsylvania,19102,4408,3392.0,2.0,2.0,1113.0
195,1500 Locust Street,Philadelphia,Pennsylvania,19102,3 Bed/2 Bath - 1538 sf,6006.0,3.0,2.0,1538.0
196,1500 Locust Street,Philadelphia,Pennsylvania,19102,4421,6006.0,3.0,2.0,1538.0
197,1500 Locust Street,Philadelphia,Pennsylvania,19102,3 Bed/2 Bath - 1695 sf,,3.0,2.0,1695.0
198,2200 Benjamin Franklin Parkway,Philadelphia,Pennsylvania,19130,Boathouse,1524.0,0.0,1.0,484.0
199,2200 Benjamin Franklin Parkway,Philadelphia,Pennsylvania,19130,N0210,,0.0,1.0,484.0
200,2200 Benjamin Franklin Parkway,Philadelphia,Pennsylvania,19130,Broad,1669.0,0.0,1.0,425.0
201,2200 Benjamin Franklin Parkway,Philadelphia,Pennsylvania,19130,W1003,,0.0,1.0,425.0
202,2200 Benjamin Franklin Parkway,Philadelphia,Pennsylvania,19130,S1703,,0.0,1.0,425.0
203,2200 Benjamin Franklin Parkway,Philadelphia,Pennsylvania,19130,Belmont,,0.0,1.0,477.0
204,2200 Benjamin Franklin Parkway,Philadelphia,Pennsylvania,19130,Chestnut,,0.0,1.0,543.0
205,2200 Benjamin Franklin Parkway,Philadelphia,Pennsylvania,19130,Frankford,,0.0,1.0,508.0
206,2200 Benjamin Franklin Parkway,Philadelphia,Pennsylvania,19130,Schuylkill,,0.0,1.0,394.0
207,2200 Benjamin Franklin Parkway,Philadelphia,Pennsylvania,19130,Callowhill,1889.0,1.0,1.0,683.0
208,2200 Benjamin Franklin Parkway,Philadelphia,Pennsylvania,19130,W0206,,1.0,1.0,683.0
209,2200 Benjamin Franklin Parkway,Philadelphia,Pennsylvania,19130,W0406,,1.0,1.0,683.0
210,2200 Benjamin Franklin Parkway,Philadelphia,Pennsylvania,19130,Locust Penthouse,1900.0,1.0,1.0,689.0
211,2200 Benjamin Franklin Parkway,Philadelphia,Pennsylvania,19130,E1903,,1.0,1.0,689.0
212,2200 Benjamin Franklin Parkway,Philadelphia,Pennsylvania,19130,Reading,1989.0,1.0,1.0,722.0
213,2200 Benjamin Franklin Parkway,Philadelphia,Pennsylvania,19130,E0909,,1.0,1.0,722.0
214,2200 Benjamin Franklin Parkway,Philadelphia,Pennsylvania,19130,E1508,,1.0,1.0,722.0
215,2200 Benjamin Franklin Parkway,Philadelphia,Pennsylvania,19130,N1108,,1.0,1.0,722.0
216,2200 Benjamin Franklin Parkway,Philadelphia,Pennsylvania,19130,S0410,,1.0,1.0,722.0
217,2200 Benjamin Franklin Parkway,Philadelphia,Pennsylvania,19130,N0708,,1.0,1.0,722.0
218,2200 Benjamin Franklin Parkway,Philadelphia,Pennsylvania,19130,W0111,,1.0,1.0,722.0
219,2200 Benjamin Franklin Parkway,Philadelphia,Pennsylvania,19130,W1009,,1.0,1.0,722.0
220,2200 Benjamin Franklin Parkway,Philadelphia,Pennsylvania,19130,E0508,,1.0,1.0,722.0
221,2200 Benjamin Franklin Parkway,Philadelphia,Pennsylvania,19130,W1509,,1.0,1.0,722.0
222,2200 Benjamin Franklin Parkway,Philadelphia,Pennsylvania,19130,Walnut,2042.0,1.0,1.0,696.0
223,2200 Benjamin Franklin Parkway,Philadelphia,Pennsylvania,19130,N0504,,1.0,1.0,696.0
224,2200 Benjamin Franklin Parkway,Philadelphia,Pennsylvania,19130,E1104,,1.0,1.0,696.0
225,2200 Benjamin Franklin Parkway,Philadelphia,Pennsylvania,19130,W1704,,1.0,1.0,696.0
226,2200 Benjamin Franklin Parkway,Philadelphia,Pennsylvania,19130,Love Penthouse,3272.0,1.0,2.0,1043.0
227,2200 Benjamin Franklin Parkway,Philadelphia,Pennsylvania,19130,N1901,,1.0,2.0,1043.0
228,2200 Benjamin Franklin Parkway,Philadelphia,Pennsylvania,19130,Elfreth Penthouse,2464.0,1.0,1.0,725.0
229,2200 Benjamin Franklin Parkway,Philadelphia,Pennsylvania,19130,S1905,,1.0,1.0,725.0
230,2200 Benjamin Franklin Parkway,Philadelphia,Pennsylvania,19130,Carlton,,1.0,1.0,511.0
231,2200 Benjamin Franklin Parkway,Philadelphia,Pennsylvania,19130,Fitler Penthouse,,1.0,1.0,1018.0
232,2200 Benjamin Franklin Parkway,Philadelphia,Pennsylvania,19130,Liberty Penthouse,,1.0,1.0,928.0
233,2200 Benjamin Franklin Parkway,Philadelphia,Pennsylvania,19130,Abstract,2229.0,2.0,1.0,945.0
234,2200 Benjamin Franklin Parkway,Philadelphia,Pennsylvania,19130,N0214,,2.0,1.0,945.0
235,2200 Benjamin Franklin Parkway,Philadelphia,Pennsylvania,19130,N1014,,2.0,1.0,945.0
236,2200 Benjamin Franklin Parkway,Philadelphia,Pennsylvania,19130,W0215,,2.0,1.0,945.0
237,2200 Benjamin Franklin Parkway,Philadelphia,Pennsylvania,19130,E1015,,2.0,1.0,945.0
238,2200 Benjamin Franklin Parkway,Philadelphia,Pennsylvania,19130,Pop,2988.0,2.0,2.0,1029.0
239,2200 Benjamin Franklin Parkway,Philadelphia,Pennsylvania,19130,E1512,,2.0,2.0,1029.0
240,2200 Benjamin Franklin Parkway,Philadelphia,Pennsylvania,19130,S1611,,2.0,2.0,1029.0
241,2200 Benjamin Franklin Parkway,Philadelphia,Pennsylvania,19130,W1512,,2.0,2.0,1029.0
242,2200 Benjamin Franklin Parkway,Philadelphia,Pennsylvania,19130,S1511,,2.0,2.0,1029.0
243,2200 Benjamin Franklin Parkway,Philadelphia,Pennsylvania,19130,Hamilton Penthouse,7031.0,2.0,2.5,1822.0
244,2200 Benjamin Franklin Parkway,Philadelphia,Pennsylvania,19130,W1810,,2.0,2.5,1822.0
245,2200 Benjamin Franklin Parkway,Philadelphia,Pennsylvania,19130,W1910,,2.0,2.5,1822.0
246,2200 Benjamin Franklin Parkway,Philadelphia,Pennsylvania,19130,Cubism,3054.0,2.0,2.0,1020.0
247,2200 Benjamin Franklin Parkway,Philadelphia,Pennsylvania,19130,E1214,,2.0,2.0,1020.0
248,2200 Benjamin Franklin Parkway,Philadelphia,Pennsylvania,19130,Baroque Penthouse,,2.0,2.0,1031.0
249,2200 Benjamin Franklin Parkway,Philadelphia,Pennsylvania,19130,Beaux Penthouse,,2.0,2.5,1597.0
250,2200 Benjamin Franklin Parkway,Philadelphia,Pennsylvania,19130,Deco Penthouse,,2.0,2.0,1390.0
251,2200 Benjamin Franklin Parkway,Philadelphia,Pennsylvania,19130,Market Penthouse,,2.0,2.5,1627.0
252,2200 Benjamin Franklin Parkway,Philadelphia,Pennsylvania,19130,Mural,,2.0,2.0,1218.0
253,2200 Benjamin Franklin Parkway,Philadelphia,Pennsylvania,19130,Rococo Penthouse,,2.0,2.0,1427.0
254,2200 Benjamin Franklin Parkway,Philadelphia,Pennsylvania,19130,Vine Penthouse,,2.0,2.5,1457.0
255,2200 Benjamin Franklin Parkway,Philadelphia,Pennsylvania,19130,Wallace,,2.0,1.0,1024.0
256,2200 Benjamin Franklin Parkway,Philadelphia,Pennsylvania,19130,Fairmount,3150.0,3.0,2.0,1444.0
257,2200 Benjamin Franklin Parkway,Philadelphia,Pennsylvania,19130,S0103,,3.0,2.0,1444.0
258,2200 Benjamin Franklin Parkway,Philadelphia,Pennsylvania,19130,Independence Penthouse,8948.0,3.0,3.5,2362.0
259,2200 Benjamin Franklin Parkway,Philadelphia,Pennsylvania,19130,W1802,,3.0,3.5,2362.0
260,2200 Benjamin Franklin Parkway,Philadelphia,Pennsylvania,19130,Eakins,,3.0,2.0,1123.0
261,450 N 18th Street,Philadelphia,Pennsylvania,19130,S01 - North,1485.0,0.0,1.0,457.0
262,450 N 18th Street,Philadelphia,Pennsylvania,19130,0231,1485.0,0.0,1.0,
263,450 N 18th Street,Philadelphia,Pennsylvania,19130,1331,1695.0,0.0,1.0,
264,450 N 18th Street,Philadelphia,Pennsylvania,19130,S01 - Northwest,1508.0,0.0,1.0,530.0
265,450 N 18th Street,Philadelphia,Pennsylvania,19130,1604,1575.0,0.0,1.0,
266,450 N 18th Street,Philadelphia,Pennsylvania,19130,0308,1508.0,0.0,1.0,
267,450 N 18th Street,Philadelphia,Pennsylvania,19130,0304,1525.0,0.0,1.0,
268,450 N 18th Street,Philadelphia,Pennsylvania,19130,0408,1560.0,0.0,1.0,
269,450 N 18th Street,Philadelphia,Pennsylvania,19130,S02 - Northwest,1638.0,0.0,1.0,610.0
270,450 N 18th Street,Philadelphia,Pennsylvania,19130,0806,1638.0,0.0,1.0,
271,450 N 18th Street,Philadelphia,Pennsylvania,19130,0906,1643.0,0.0,1.0,
272,450 N 18th Street,Philadelphia,Pennsylvania,19130,1116,1658.0,0.0,1.0,
273,450 N 18th Street,Philadelphia,Pennsylvania,19130,1416,1663.0,0.0,1.0,
274,450 N 18th Street,Philadelphia,Pennsylvania,19130,A01 - Northwest,1725.0,1.0,1.0,768.0
275,450 N 18th Street,Philadelphia,Pennsylvania,19130,0402,1725.0,1.0,1.0,
276,450 N 18th Street,Philadelphia,Pennsylvania,19130,0702,1735.0,1.0,1.0,
277,450 N 18th Street,Philadelphia,Pennsylvania,19130,0711,1745.0,1.0,1.0,
278,450 N 18th Street,Philadelphia,Pennsylvania,19130,0713,1745.0,1.0,1.0,
279,450 N 18th Street,Philadelphia,Pennsylvania,19130,1412,1821.0,1.0,1.0,
280,450 N 18th Street,Philadelphia,Pennsylvania,19130,1614,1775.0,1.0,1.0,
281,450 N 18th Street,Philadelphia,Pennsylvania,19130,0602,1735.0,1.0,1.0,
282,450 N 18th Street,Philadelphia,Pennsylvania,19130,0412,1735.0,1.0,1.0,
283,450 N 18th Street,Philadelphia,Pennsylvania,19130,A05 - North,1734.0,1.0,1.0,688.0
284,450 N 18th Street,Philadelphia,Pennsylvania,19130,0945,1744.0,1.0,1.0,
285,450 N 18th Street,Philadelphia,Pennsylvania,19130,0845,1734.0,1.0,1.0,
286,450 N 18th Street,Philadelphia,Pennsylvania,19130,A08 - North,1794.0,1.0,1.0,712.0
287,450 N 18th Street,Philadelphia,Pennsylvania,19130,1438,1794.0,1.0,1.0,
288,450 N 18th Street,Philadelphia,Pennsylvania,19130,1538,2100.0,1.0,1.0,
289,450 N 18th Street,Philadelphia,Pennsylvania,19130,A11 - North,1869.0,1.0,1.0,763.0
290,450 N 18th Street,Philadelphia,Pennsylvania,19130,1630,1869.0,1.0,1.0,
291,450 N 18th Street,Philadelphia,Pennsylvania,19130,A02 - Northwest,1901.0,1.0,1.0,805.0
292,450 N 18th Street,Philadelphia,Pennsylvania,19130,0315,1901.0,1.0,1.0,
293,450 N 18th Street,Philadelphia,Pennsylvania,19130,A03 - North,1978.0,1.0,1.0,634.0
294,450 N 18th Street,Philadelphia,Pennsylvania,19130,0732,1978.0,1.0,1.0,
295,450 N 18th Street,Philadelphia,Pennsylvania,19130,1532,2018.0,1.0,1.0,
296,450 N 18th Street,Philadelphia,Pennsylvania,19130,A12 - North,2800.0,1.0,1.0,975.0
297,450 N 18th Street,Philadelphia,Pennsylvania,19130,1135,2800.0,1.0,1.0,
298,450 N 18th Street,Philadelphia,Pennsylvania,19130,B03 - Northwest,2480.0,2.0,2.0,1250.0
299,450 N 18th Street,Philadelphia,Pennsylvania,19130,0317,2596.0,2.0,2.0,
300,450 N 18th Street,Philadelphia,Pennsylvania,19130,1207,2480.0,2.0,2.0,
301,450 N 18th Street,Philadelphia,Pennsylvania,19130,1517,2535.0,2.0,2.0,
302,450 N 18th Street,Philadelphia,Pennsylvania,19130,B03 - North,2839.0,2.0,2.0,1245.0
303,450 N 18th Street,Philadelphia,Pennsylvania,19130,0343,2839.0,2.0,2.0,
304,450 N 18th Street,Philadelphia,Pennsylvania,19130,1143,3144.0,2.0,2.0,
305,450 N 18th Street,Philadelphia,Pennsylvania,19130,0943,2949.0,2.0,2.0,
306,450 N 18th Street,Philadelphia,Pennsylvania,19130,B04 - North,2850.0,2.0,2.0,1250.0
307,450 N 18th Street,Philadelphia,Pennsylvania,19130,0333,2850.0,2.0,2.0,
308,450 N 18th Street,Philadelphia,Pennsylvania,19130,0433,2875.0,2.0,2.0,
309,450 N 18th Street,Philadelphia,Pennsylvania,19130,0533,2885.0,2.0,2.0,
310,450 N 18th Street,Philadelphia,Pennsylvania,19130,0833,2975.0,2.0,2.0,
311,450 N 18th Street,Philadelphia,Pennsylvania,19130,0933,3125.0,2.0,2.0,
312,450 N 18th Street,Philadelphia,Pennsylvania,19130,1333,3145.0,2.0,2.0,
313,450 N 18th Street,Philadelphia,Pennsylvania,19130,1433,3195.0,2.0,2.0,
314,450 N 18th Street,Philadelphia,Pennsylvania,19130,B05 - North,3064.0,2.0,2.0,1276.0
315,450 N 18th Street,Philadelphia,Pennsylvania,19130,0647,3064.0,2.0,2.0,
316,450 N 18th Street,Philadelphia,Pennsylvania,19130,B01 - Northwest,2165.0,2.0,1.0,1050.0
317,450 N 18th Street,Philadelphia,Pennsylvania,19130,1701,2165.0,2.0,1.0,
318,450 N 18th Street,Philadelphia,Pennsylvania,19130,B02 - Northwest,2350.0,2.0,2.0,1160.0
319,450 N 18th Street,Philadelphia,Pennsylvania,19130,1120,2350.0,2.0,2.0,
320,450 N 18th Street,Philadelphia,Pennsylvania,19130,TH1 - North,3585.0,2.0,2.5,1516.0
321,450 N 18th Street,Philadelphia,Pennsylvania,19130,1N,3585.0,2.0,2.5,
322,450 N 18th Street,Philadelphia,Pennsylvania,19130,B01 - North,3885.0,2.0,2.0,1100.0
323,450 N 18th Street,Philadelphia,Pennsylvania,19130,1544,3885.0,2.0,2.0,
324,300 Alexander Court,Philadelphia,Pennsylvania,19103,B,1709.0,0.0,1.0,605.0
325,300 Alexander Court,Philadelphia,Pennsylvania,19103,0705,,0.0,1.0,605.0
326,300 Alexander Court,Philadelphia,Pennsylvania,19103,1905,,0.0,1.0,605.0
327,300 Alexander Court,Philadelphia,Pennsylvania,19103,2005,,0.0,1.0,605.0
328,300 Alexander Court,Philadelphia,Pennsylvania,19103,N3,,0.0,1.0,582.0
329,300 Alexander Court,Philadelphia,Pennsylvania,19103,C,2008.0,1.0,1.0,767.0
330,300 Alexander Court,Philadelphia,Pennsylvania,19103,0704,,1.0,1.0,767.0
331,300 Alexander Court,Philadelphia,Pennsylvania,19103,1004,,1.0,1.0,779.0
332,300 Alexander Court,Philadelphia,Pennsylvania,19103,1604,,1.0,1.0,767.0
333,300 Alexander Court,Philadelphia,Pennsylvania,19103,2604,,1.0,1.0,767.0
334,300 Alexander Court,Philadelphia,Pennsylvania,19103,1104,,1.0,1.0,779.0
335,300 Alexander Court,Philadelphia,Pennsylvania,19103,A,2100.0,1.0,1.0,780.0
336,300 Alexander Court,Philadelphia,Pennsylvania,19103,2306,,1.0,1.0,780.0
337,300 Alexander Court,Philadelphia,Pennsylvania,19103,1306,,1.0,1.0,780.0
338,300 Alexander Court,Philadelphia,Pennsylvania,19103,0806,,1.0,1.0,780.0
339,300 Alexander Court,Philadelphia,Pennsylvania,19103,FI,2175.0,1.0,1.0,860.0
340,300 Alexander Court,Philadelphia,Pennsylvania,19103,2601,,1.0,1.0,860.0
341,300 Alexander Court,Philadelphia,Pennsylvania,19103,2401,,1.0,1.0,860.0
342,300 Alexander Court,Philadelphia,Pennsylvania,19103,A2 + Den,,1.0,1.0,970.0
343,300 Alexander Court,Philadelphia,Pennsylvania,19103,C2,,1.0,1.0,584.0
344,300 Alexander Court,Philadelphia,Pennsylvania,19103,D30,,1.0,1.0,840.0
345,300 Alexander Court,Philadelphia,Pennsylvania,19103,DM,,1.0,1.0,726.0
346,300 Alexander Court,Philadelphia,Pennsylvania,19103,E3 + DEN,,1.0,1.0,985.0
347,300 Alexander Court,Philadelphia,Pennsylvania,19103,E4,,1.0,1.0,942.0
348,300 Alexander Court,Philadelphia,Pennsylvania,19103,F2,,1.0,1.0,829.0
349,300 Alexander Court,Philadelphia,Pennsylvania,19103,F4,,1.0,1.0,900.0
350,300 Alexander Court,Philadelphia,Pennsylvania,19103,G4,,1.0,1.0,865.0
351,300 Alexander Court,Philadelphia,Pennsylvania,19103,H2,,1.0,1.0,899.0
352,300 Alexander Court,Philadelphia,Pennsylvania,19103,H30,,1.0,1.0,860.0
353,300 Alexander Court,Philadelphia,Pennsylvania,19103,H4,,1.0,1.0,812.0
354,300 Alexander Court,Philadelphia,Pennsylvania,19103,I2 + Den,,1.0,1.0,1039.0
355,300 Alexander Court,Philadelphia,Pennsylvania,19103,J4 + Den,,1.0,1.5,1010.0
356,300 Alexander Court,Philadelphia,Pennsylvania,19103,K3,,1.0,1.0,834.0
357,300 Alexander Court,Philadelphia,Pennsylvania,19103,L3 + Den,,1.0,1.0,981.0
358,300 Alexander Court,Philadelphia,Pennsylvania,19103,M5 + Den,,1.0,1.0,914.0
359,300 Alexander Court,Philadelphia,Pennsylvania,19103,PH-C,,1.0,1.0,783.0
360,300 Alexander Court,Philadelphia,Pennsylvania,19103,E,2893.0,2.0,2.0,1173.0
361,300 Alexander Court,Philadelphia,Pennsylvania,19103,0902,,2.0,2.0,1173.0
362,300 Alexander Court,Philadelphia,Pennsylvania,19103,2802,,2.0,2.0,1173.0
363,300 Alexander Court,Philadelphia,Pennsylvania,19103,2702,,2.0,2.0,1173.0
364,300 Alexander Court,Philadelphia,Pennsylvania,19103,2502,,2.0,2.0,1173.0
365,300 Alexander Court,Philadelphia,Pennsylvania,19103,2002,,2.0,2.0,1173.0
366,300 Alexander Court,Philadelphia,Pennsylvania,19103,1402,,2.0,2.0,1173.0
367,300 Alexander Court,Philadelphia,Pennsylvania,19103,D,3003.0,2.0,2.0,1238.0
368,300 Alexander Court,Philadelphia,Pennsylvania,19103,1103,,2.0,2.0,1238.0
369,300 Alexander Court,Philadelphia,Pennsylvania,19103,2103,,2.0,2.0,1238.0
370,300 Alexander Court,Philadelphia,Pennsylvania,19103,1803,,2.0,2.0,1238.0
371,300 Alexander Court,Philadelphia,Pennsylvania,19103,A30,,2.0,2.0,1328.0
372,300 Alexander Court,Philadelphia,Pennsylvania,19103,G,,2.0,2.0,1326.0
373,300 Alexander Court,Philadelphia,Pennsylvania,19103,H,,2.0,2.0,1247.0
374,300 Alexander Court,Philadelphia,Pennsylvania,19103,K4,,2.0,2.0,1397.0
375,300 Alexander Court,Philadelphia,Pennsylvania,19103,L,,2.0,2.0,1292.0
376,300 Alexander Court,Philadelphia,Pennsylvania,19103,PH-A,,2.0,2.0,1316.0
377,300 Alexander Court,Philadelphia,Pennsylvania,19103,TH-E,,2.0,2.5,1725.0
378,300 Alexander Court,Philadelphia,Pennsylvania,19103,TH-G,,2.0,2.5,1435.0
379,300 Alexander Court,Philadelphia,Pennsylvania,19103,TH-F,4495.0,3.0,2.5,1805.0
380,300 Alexander Court,Philadelphia,Pennsylvania,19103,0113,,3.0,2.5,1805.0
381,300 Alexander Court,Philadelphia,Pennsylvania,19103,PH-BD,,3.0,3.5,1805.0
382,300 Alexander Court,Philadelphia,Pennsylvania,19103,TH-B,5093.0,4.0,2.5,2155.0
383,300 Alexander Court,Philadelphia,Pennsylvania,19103,0104,,4.0,2.5,2155.0
384,300 Alexander Court,Philadelphia,Pennsylvania,19103,TH-A,,4.0,2.5,2335.0
385,300 Alexander Court,Philadelphia,Pennsylvania,19103,TH-C,,4.0,2.5,2000.0
386,300 Alexander Court,Philadelphia,Pennsylvania,19103,TH-D,,4.0,2.5,2050.0
387,1901 Callowhill Street,Philadelphia,Pennsylvania,19130,A1,1850.0,1.0,1.0,668.0
388,1901 Callowhill Street,Philadelphia,Pennsylvania,19130,202,2155.0,1.0,1.0,668.0
389,1901 Callowhill Street,Philadelphia,Pennsylvania,19130,C4,2247.0,1.0,1.0,879.0
390,1901 Callowhill Street,Philadelphia,Pennsylvania,19130,731,2595.0,1.0,1.0,879.0
391,1901 Callowhill Street,Philadelphia,Pennsylvania,19130,C1,1842.0,1.0,1.0,922.0
392,1901 Callowhill Street,Philadelphia,Pennsylvania,19130,215,1950.0,1.0,1.0,922.0
393,1901 Callowhill Street,Philadelphia,Pennsylvania,19130,A3A,1977.0,1.0,1.0,733.0
394,1901 Callowhill Street,Philadelphia,Pennsylvania,19130,502,2378.0,1.0,1.0,733.0
395,1901 Callowhill Street,Philadelphia,Pennsylvania,19130,A4A,1702.0,1.0,1.0,782.0
396,1901 Callowhill Street,Philadelphia,Pennsylvania,19130,D1,1717.0,1.0,1.0,699.0
397,1901 Callowhill Street,Philadelphia,Pennsylvania,19130,D5,1792.0,1.0,1.0,734.0
398,1901 Callowhill Street,Philadelphia,Pennsylvania,19130,D2,1832.0,1.0,1.0,745.0
399,1901 Callowhill Street,Philadelphia,Pennsylvania,19130,D3,1837.0,1.0,1.0,816.0
400,1901 Callowhill Street,Philadelphia,Pennsylvania,19130,A5,1847.0,1.0,1.0,793.0
401,1901 Callowhill Street,Philadelphia,Pennsylvania,19130,A4,1867.0,1.0,1.0,783.0
402,1901 Callowhill Street,Philadelphia,Pennsylvania,19130,D6,1877.0,1.0,1.0,823.0
403,1901 Callowhill Street,Philadelphia,Pennsylvania,19130,A3,1892.0,1.0,1.0,725.0
404,1901 Callowhill Street,Philadelphia,Pennsylvania,19130,C2,1957.0,1.0,1.0,930.0
405,1901 Callowhill Street,Philadelphia,Pennsylvania,19130,C5,2007.0,1.0,1.0,788.0
406,1901 Callowhill Street,Philadelphia,Pennsylvania,19130,P6,2985.0,1.0,1.0,800.0
407,1901 Callowhill Street,Philadelphia,Pennsylvania,19130,P10,3045.0,1.0,1.0,805.0
408,1901 Callowhill Street,Philadelphia,Pennsylvania,19130,P3,,1.0,1.0,792.0
409,1901 Callowhill Street,Philadelphia,Pennsylvania,19130,B2,2545.0,2.0,2.0,910.0
410,1901 Callowhill Street,Philadelphia,Pennsylvania,19130,607,3199.0,2.0,2.0,910.0
411,1901 Callowhill Street,Philadelphia,Pennsylvania,19130,309,2950.0,2.0,2.0,910.0
412,1901 Callowhill Street,Philadelphia,Pennsylvania,19130,B4,2603.0,2.0,2.0,910.0
413,1901 Callowhill Street,Philadelphia,Pennsylvania,19130,408,2611.0,2.0,2.0,910.0
414,1901 Callowhill Street,Philadelphia,Pennsylvania,19130,B5,2304.0,2.0,2.0,1298.0
415,1901 Callowhill Street,Philadelphia,Pennsylvania,19130,A6,2402.0,2.0,1.0,842.0
416,1901 Callowhill Street,Philadelphia,Pennsylvania,19130,B1,2535.0,2.0,2.0,900.0
417,1901 Callowhill Street,Philadelphia,Pennsylvania,19130,C3,2540.0,2.0,2.0,1043.0
418,1901 Callowhill Street,Philadelphia,Pennsylvania,19130,B3,2635.0,2.0,2.0,959.0
419,1901 Callowhill Street,Philadelphia,Pennsylvania,19130,B6,2764.0,2.0,2.0,1159.0
420,1901 Callowhill Street,Philadelphia,Pennsylvania,19130,B8,2879.0,2.0,2.0,1111.0
421,1901 Callowhill Street,Philadelphia,Pennsylvania,19130,C6,2904.0,2.0,2.0,1145.0
422,1901 Callowhill Street,Philadelphia,Pennsylvania,19130,B9,3214.0,2.0,2.0,1191.0
423,1901 Callowhill Street,Philadelphia,Pennsylvania,19130,P9,3276.0,2.0,2.0,917.0
424,1901 Callowhill Street,Philadelphia,Pennsylvania,19130,B7,3429.0,2.0,2.0,1384.0
425,1901 Callowhill Street,Philadelphia,Pennsylvania,19130,P2,3701.0,2.0,2.0,915.0
426,1901 Callowhill Street,Philadelphia,Pennsylvania,19130,P5,3801.0,2.0,2.0,1136.0
427,1901 Callowhill Street,Philadelphia,Pennsylvania,19130,P8,4016.0,2.0,2.0,1232.0
428,1901 Callowhill Street,Philadelphia,Pennsylvania,19130,P4,4101.0,2.0,2.0,1037.0
429,1901 Callowhill Street,Philadelphia,Pennsylvania,19130,P7,5181.0,2.0,2.0,1460.0
430,1901 Callowhill Street,Philadelphia,Pennsylvania,19130,B8A,,2.0,2.5,1220.0
431,1901 Callowhill Street,Philadelphia,Pennsylvania,19130,P1,6001.0,3.0,3.0,1557.0
432,2021 Chestnut St,Philadelphia,Pennsylvania,19103,Studio,1761.0,0.0,1.0,562.0
433,2021 Chestnut St,Philadelphia,Pennsylvania,19103,1106,1761.0,0.0,1.0,562.0
434,2021 Chestnut St,Philadelphia,Pennsylvania,19103,Studio,1679.0,0.0,1.0,530.0
435,2021 Chestnut St,Philadelphia,Pennsylvania,19103,Studio,1719.0,0.0,1.0,541.0
436,2021 Chestnut St,Philadelphia,Pennsylvania,19103,Studio,1754.0,0.0,1.0,559.0
437,2021 Chestnut St,Philadelphia,Pennsylvania,19103,Studio,1839.0,0.0,1.0,570.0
438,2021 Chestnut St,Philadelphia,Pennsylvania,19103,1 Bedroom With Den,1729.0,1.0,1.0,672.0
439,2021 Chestnut St,Philadelphia,Pennsylvania,19103,1 Bedroom With Den,1789.0,1.0,1.0,637.0
440,2021 Chestnut St,Philadelphia,Pennsylvania,19103,2 Bedroom,2799.0,2.0,1.0,706.0
441,2021 Chestnut St,Philadelphia,Pennsylvania,19103,PH02,2625.0,2.0,1.0,706.0
442,2021 Chestnut St,Philadelphia,Pennsylvania,19103,2 Bedroom,2481.0,2.0,1.0,720.0
443,2021 Chestnut St,Philadelphia,Pennsylvania,19103,1109,2481.0,2.0,1.0,720.0
444,2021 Chestnut St,Philadelphia,Pennsylvania,19103,2 Bedroom,2336.0,2.0,1.0,700.0
445,2021 Chestnut St,Philadelphia,Pennsylvania,19103,2 Bedroom,2466.0,2.0,2.0,834.0
446,2021 Chestnut St,Philadelphia,Pennsylvania,19103,2 Bedroom,2566.0,2.0,2.0,866.0
447,2021 Chestnut St,Philadelphia,Pennsylvania,19103,2 Bedroom,2686.0,2.0,2.0,859.0
448,2021 Chestnut St,Philadelphia,Pennsylvania,19103,2 Bedroom,2736.0,2.0,2.0,887.0
449,2021 Chestnut St,Philadelphia,Pennsylvania,19103,2 Bedroom,2756.0,2.0,2.0,886.0
450,110 Sibley Avenue,Ardmore,Pennsylvania,19003,1 Bedroom 1 Bath,1638.0,1.0,1.0,627.0
451,110 Sibley Avenue,Ardmore,Pennsylvania,19003,1 Bedroom 1 Bath,1717.0,1.0,1.0,695.0
452,110 Sibley Avenue,Ardmore,Pennsylvania,19003,1 Bedroom 1 Bath,1841.0,1.0,1.0,837.0
453,110 Sibley Avenue,Ardmore,Pennsylvania,19003,1 Bedroom 1 Bath,2220.0,1.0,1.0,719.0
454,110 Sibley Avenue,Ardmore,Pennsylvania,19003,2 Bedrooms 2 Baths,2515.0,2.0,2.0,951.0
455,110 Sibley Avenue,Ardmore,Pennsylvania,19003,209,2515.0,2.0,2.0,951.0
456,110 Sibley Avenue,Ardmore,Pennsylvania,19003,2 Bedrooms 2 Baths,2397.0,2.0,2.0,1064.0
457,110 Sibley Avenue,Ardmore,Pennsylvania,19003,2 Bedrooms 2 Baths,2515.0,2.0,2.0,998.0
458,110 Sibley Avenue,Ardmore,Pennsylvania,19003,2 Bedrooms 2 Baths,2538.0,2.0,2.0,1098.0
459,110 Sibley Avenue,Ardmore,Pennsylvania,19003,2 Bedrooms 2 Baths,2561.0,2.0,2.0,1044.0
460,110 Sibley Avenue,Ardmore,Pennsylvania,19003,2 Bedrooms 2 Baths,2695.0,2.0,2.0,1116.0
461,110 Sibley Avenue,Ardmore,Pennsylvania,19003,2 Bedrooms 2 Baths,2845.0,2.0,2.0,1066.0
462,110 Sibley Avenue,Ardmore,Pennsylvania,19003,2 Bedrooms 2 Baths,2986.0,2.0,2.0,1069.0
463,110 Sibley Avenue,Ardmore,Pennsylvania,19003,2 Bedrooms 2 Baths,2986.0,2.0,2.0,1075.0
464,110 Sibley Avenue,Ardmore,Pennsylvania,19003,2 Bedrooms 2 Baths,3070.0,2.0,2.0,1132.0
465,110 Sibley Avenue,Ardmore,Pennsylvania,19003,2 Bedrooms 2 Baths,3095.0,2.0,2.0,1201.0
466,110 Sibley Avenue,Ardmore,Pennsylvania,19003,3 Bedrooms 2 Baths,3191.0,3.0,2.0,1180.0
467,110 Sibley Avenue,Ardmore,Pennsylvania,19003,311,3191.0,3.0,2.0,1180.0
468,110 Sibley Avenue,Ardmore,Pennsylvania,19003,211,3191.0,3.0,2.0,1180.0
469,110 Sibley Avenue,Ardmore,Pennsylvania,19003,3 Bedrooms 2 Baths,3353.0,3.0,2.0,1165.0
470,110 Sibley Avenue,Ardmore,Pennsylvania,19003,201,3353.0,3.0,2.0,1165.0
471,110 Sibley Avenue,Ardmore,Pennsylvania,19003,3 Bedrooms 2 Baths + Den,3311.0,3.0,2.0,1323.0
472,110 Sibley Avenue,Ardmore,Pennsylvania,19003,407,3310.0,3.0,2.0,1323.0
473,110 Sibley Avenue,Ardmore,Pennsylvania,19003,3 Bedrooms 2 Baths,3795.0,3.0,2.0,1375.0
474,110 Sibley Avenue,Ardmore,Pennsylvania,19003,3 Bedrooms 2 Bathrooms + Den,4103.0,3.0,2.0,1282.0
475,110 Sibley Avenue,Ardmore,Pennsylvania,19003,3 Bedrooms 2 Baths,4103.0,3.0,2.0,1351.0
0,3601 Market Street,Philadelphia,Pennsylvania,19104,Callowhill,1800.0,0.0,1.0,427.0
1,3601 Market Street,Philadelphia,Pennsylvania,19104,1811,1820.0,0.0,1.0,
2,3601 Market Street,Philadelphia,Pennsylvania,19104,811,1800.0,0.0,1.0,
3,3601 Market Street,Philadelphia,Pennsylvania,19104,Girard,1835.0,0.0,1.0,582.0
4,3601 Market Street,Philadelphia,Pennsylvania,19104,1817,1835.0,0.0,1.0,
5,3601 Market Street,Philadelphia,Pennsylvania,19104,715,1855.0,0.0,1.0,
6,3601 Market Street,Philadelphia,Pennsylvania,19104,Chestnut,1865.0,1.0,1.0,692.0
7,3601 Market Street,Philadelphia,Pennsylvania,19104,1008,1865.0,1.0,1.0,
8,3601 Market Street,Philadelphia,Pennsylvania,19104,2008,1905.0,1.0,1.0,
9,3601 Market Street,Philadelphia,Pennsylvania,19104,Locust,1879.0,1.0,1.0,698.0
10,3601 Market Street,Philadelphia,Pennsylvania,19104,614,1879.0,1.0,1.0,
11,3601 Market Street,Philadelphia,Pennsylvania,19104,709,1889.0,1.0,1.0,
12,3601 Market Street,Philadelphia,Pennsylvania,19104,Spruce,1879.0,1.0,1.0,696.0
13,3601 Market Street,Philadelphia,Pennsylvania,19104,706,1879.0,1.0,1.0,
14,3601 Market Street,Philadelphia,Pennsylvania,19104,707,1879.0,1.0,1.0,
15,3601 Market Street,Philadelphia,Pennsylvania,19104,Fitzwater,1955.0,1.0,1.0,752.0
16,3601 Market Street,Philadelphia,Pennsylvania,19104,1510,1955.0,1.0,1.0,
17,3601 Market Street,Philadelphia,Pennsylvania,19104,Bainbridge,3595.0,2.0,2.0,958.0
18,3601 Market Street,Philadelphia,Pennsylvania,19104,Liberty,3630.0,2.0,2.0,1240.0
19,3601 Market Street,Philadelphia,Pennsylvania,19104,Market,3705.0,2.0,2.0,1140.0
20,2920 Midvale Avenue,Philadelphia,Pennsylvania,19129,A2R,1320.0,1.0,1.0,832.0
21,2920 Midvale Avenue,Philadelphia,Pennsylvania,19129,A1,1200.0,1.0,1.0,712.0
22,2920 Midvale Avenue,Philadelphia,Pennsylvania,19129,A1R,,1.0,1.0,
23,2920 Midvale Avenue,Philadelphia,Pennsylvania,19129,A2,,1.0,1.0,
24,2920 Midvale Avenue,Philadelphia,Pennsylvania,19129,B1,1225.0,2.0,1.0,656.0
25,2920 Midvale Avenue,Philadelphia,Pennsylvania,19129,B2,1425.0,2.0,1.0,858.0
26,2920 Midvale Avenue,Philadelphia,Pennsylvania,19129,B1R,1225.0,2.0,1.0,656.0
27,2920 Midvale Avenue,Philadelphia,Pennsylvania,19129,B2R,1375.0,2.0,1.0,858.0
28,2920 Midvale Avenue,Philadelphia,Pennsylvania,19129,B2RW,1625.0,2.0,1.0,858.0
29,2920 Midvale Avenue,Philadelphia,Pennsylvania,19129,C1,1650.0,3.0,1.0,944.0
30,2920 Midvale Avenue,Philadelphia,Pennsylvania,19129,C2,1650.0,3.0,2.0,944.0
31,2920 Midvale Avenue,Philadelphia,Pennsylvania,19129,C2R,1765.0,3.0,2.0,1326.0
32,2920 Midvale Avenue,Philadelphia,Pennsylvania,19129,C1R,,3.0,1.0,
33,24 Cricket Avenue,Ardmore,Pennsylvania,19003,Style 1D,2099.0,1.0,1.0,875.0
34,24 Cricket Avenue,Ardmore,Pennsylvania,19003,223,,1.0,1.0,875.0
35,24 Cricket Avenue,Ardmore,Pennsylvania,19003,Style 1B,2129.0,1.0,1.0,776.0
36,24 Cricket Avenue,Ardmore,Pennsylvania,19003,511,,1.0,1.0,776.0
37,24 Cricket Avenue,Ardmore,Pennsylvania,19003,Style 1A,2509.0,1.0,1.0,717.0
38,24 Cricket Avenue,Ardmore,Pennsylvania,19003,415,,1.0,1.0,717.0
39,24 Cricket Avenue,Ardmore,Pennsylvania,19003,Style 1C,2609.0,1.0,1.0,860.0
40,24 Cricket Avenue,Ardmore,Pennsylvania,19003,716,,1.0,1.0,860.0
41,24 Cricket Avenue,Ardmore,Pennsylvania,19003,Style 1E,,1.0,1.0,932.0
42,24 Cricket Avenue,Ardmore,Pennsylvania,19003,Style 2F,3549.0,2.0,2.0,1156.0
43,24 Cricket Avenue,Ardmore,Pennsylvania,19003,714,,2.0,2.0,1156.0
44,24 Cricket Avenue,Ardmore,Pennsylvania,19003,Style 2A,,2.0,2.0,880.0
45,24 Cricket Avenue,Ardmore,Pennsylvania,19003,Style 2B,,2.0,2.0,991.0
46,24 Cricket Avenue,Ardmore,Pennsylvania,19003,Style 2C,,2.0,2.0,1094.0
47,24 Cricket Avenue,Ardmore,Pennsylvania,19003,Style 2D,,2.0,2.0,1133.0
48,24 Cricket Avenue,Ardmore,Pennsylvania,19003,Style 2E,,2.0,2.0,1159.0
49,24 Cricket Avenue,Ardmore,Pennsylvania,19003,Style 2G,,2.0,2.0,1181.0
50,24 Cricket Avenue,Ardmore,Pennsylvania,19003,Style 2J,,2.0,2.0,1340.0
51,24 Cricket Avenue,Ardmore,Pennsylvania,19003,Style 2K,,2.0,2.0,1410.0
52,24 Cricket Avenue,Ardmore,Pennsylvania,19003,Style 3A,5079.0,3.0,3.0,1583.0
53,24 Cricket Avenue,Ardmore,Pennsylvania,19003,422,,3.0,3.0,1583.0
54,18 E. Lancaster Avenue,Wynnewood,Pennsylvania,19096,1 Bedroom 1 Bathroom,1485.0,1.0,1.0,645.0
55,18 E. Lancaster Avenue,Wynnewood,Pennsylvania,19096,201,1485.0,1.0,1.0,645.0
56,18 E. Lancaster Avenue,Wynnewood,Pennsylvania,19096,1 Bedroom 1 Bathroom,1508.0,1.0,1.0,590.0
57,18 E. Lancaster Avenue,Wynnewood,Pennsylvania,19096,PH-10,1575.0,1.0,1.0,590.0
58,18 E. Lancaster Avenue,Wynnewood,Pennsylvania,19096,PH-11,1507.0,1.0,1.0,590.0
59,18 E. Lancaster Avenue,Wynnewood,Pennsylvania,19096,1 Bedroom 1 Bathroom,1543.0,1.0,1.0,675.0
60,18 E. Lancaster Avenue,Wynnewood,Pennsylvania,19096,102,1543.0,1.0,1.0,675.0
61,18 E. Lancaster Avenue,Wynnewood,Pennsylvania,19096,302,1561.0,1.0,1.0,675.0
62,18 E. Lancaster Avenue,Wynnewood,Pennsylvania,19096,202,1552.0,1.0,1.0,675.0
63,18 E. Lancaster Avenue,Wynnewood,Pennsylvania,19096,1 Bedroom 1 Bathroom,1598.0,1.0,1.0,745.0
64,18 E. Lancaster Avenue,Wynnewood,Pennsylvania,19096,GL-02,1597.0,1.0,1.0,745.0
65,18 E. Lancaster Avenue,Wynnewood,Pennsylvania,19096,1 Bedroom 1 Bathroom,1688.0,1.0,1.0,700.0
66,18 E. Lancaster Avenue,Wynnewood,Pennsylvania,19096,207,1687.0,1.0,1.0,700.0
67,18 E. Lancaster Avenue,Wynnewood,Pennsylvania,19096,1 Bedroom 1 Bathroom,1575.0,1.0,1.0,865.0
68,18 E. Lancaster Avenue,Wynnewood,Pennsylvania,19096,GL-14,1575.0,1.0,1.0,865.0
69,18 E. Lancaster Avenue,Wynnewood,Pennsylvania,19096,1 Bedroom 1 Bathroom,1607.0,1.0,1.0,610.0
70,18 E. Lancaster Avenue,Wynnewood,Pennsylvania,19096,318,1606.0,1.0,1.0,610.0
71,18 E. Lancaster Avenue,Wynnewood,Pennsylvania,19096,PH-13,1615.0,1.0,1.0,610.0
72,18 E. Lancaster Avenue,Wynnewood,Pennsylvania,19096,1 Bedroom 1 Bathroom,1400.0,1.0,1.0,825.0
73,18 E. Lancaster Avenue,Wynnewood,Pennsylvania,19096,1 Bedroom 1 Bathroom,1508.0,1.0,1.0,665.0
74,18 E. Lancaster Avenue,Wynnewood,Pennsylvania,19096,1 Bedroom 1 Bathroom,1656.0,1.0,1.0,845.0
75,18 E. Lancaster Avenue,Wynnewood,Pennsylvania,19096,1 Bedroom 1 Bathroom,1700.0,1.0,1.0,670.0
76,18 E. Lancaster Avenue,Wynnewood,Pennsylvania,19096,1 Bedroom 1 Bathroom,1725.0,1.0,1.0,705.0
77,18 E. Lancaster Avenue,Wynnewood,Pennsylvania,19096,1 Bedroom 1 Bathroom,1750.0,1.0,1.0,635.0
78,18 E. Lancaster Avenue,Wynnewood,Pennsylvania,19096,1 Bedroom 1 Bathroom,1750.0,1.0,1.0,715.0
79,18 E. Lancaster Avenue,Wynnewood,Pennsylvania,19096,1 Bedroom 1 Bathroom,1750.0,1.0,1.0,770.0
80,18 E. Lancaster Avenue,Wynnewood,Pennsylvania,19096,1 Bedroom 1 Bathroom,1760.0,1.0,1.0,775.0
81,18 E. Lancaster Avenue,Wynnewood,Pennsylvania,19096,1 Bedroom 1 Bathroom,1775.0,1.0,1.0,640.0
82,18 E. Lancaster Avenue,Wynnewood,Pennsylvania,19096,1 Bedroom 1 Bathroom,1780.0,1.0,1.0,625.0
83,18 E. Lancaster Avenue,Wynnewood,Pennsylvania,19096,1 Bedroom 1 Bathroom,1800.0,1.0,1.0,680.0
84,18 E. Lancaster Avenue,Wynnewood,Pennsylvania,19096,1 Bedroom 1 Bathroom,1800.0,1.0,1.0,835.0
85,18 E. Lancaster Avenue,Wynnewood,Pennsylvania,19096,1 Bedroom 1 Bathroom+Den,1850.0,1.0,1.0,820.0
86,18 E. Lancaster Avenue,Wynnewood,Pennsylvania,19096,1 Bedroom 1 Bathroom,1860.0,1.0,1.0,875.0
87,18 E. Lancaster Avenue,Wynnewood,Pennsylvania,19096,1 Bedroom 1 Bathroom,1890.0,1.0,1.0,955.0
88,18 E. Lancaster Avenue,Wynnewood,Pennsylvania,19096,2 Bedroom 2 Bathroom,2115.0,2.0,2.0,975.0
89,18 E. Lancaster Avenue,Wynnewood,Pennsylvania,19096,PH-17,2115.0,2.0,2.0,975.0
90,18 E. Lancaster Avenue,Wynnewood,Pennsylvania,19096,2 Bedroom 2 Bathroom,2151.0,2.0,2.0,1020.0
91,18 E. Lancaster Avenue,Wynnewood,Pennsylvania,19096,109,2151.0,2.0,2.0,1020.0
92,18 E. Lancaster Avenue,Wynnewood,Pennsylvania,19096,PH-02,2178.0,2.0,2.0,1020.0
93,18 E. Lancaster Avenue,Wynnewood,Pennsylvania,19096,PH-16,2178.0,2.0,2.0,1020.0
94,18 E. Lancaster Avenue,Wynnewood,Pennsylvania,19096,2 Bedroom 2 Bathroom Bi-Level,2205.0,2.0,2.0,1035.0
95,18 E. Lancaster Avenue,Wynnewood,Pennsylvania,19096,127,2205.0,2.0,2.0,1035.0
96,18 E. Lancaster Avenue,Wynnewood,Pennsylvania,19096,129,2205.0,2.0,2.0,1035.0
97,18 E. Lancaster Avenue,Wynnewood,Pennsylvania,19096,2 Bedroom 2.5 Bathroom Bi-Level,2250.0,2.0,2.5,1050.0
98,18 E. Lancaster Avenue,Wynnewood,Pennsylvania,19096,128,2250.0,2.0,2.5,1050.0
99,18 E. Lancaster Avenue,Wynnewood,Pennsylvania,19096,2 Bedroom 2 Bathroom,2373.0,2.0,2.0,1025.0
100,18 E. Lancaster Avenue,Wynnewood,Pennsylvania,19096,PH-01,2373.0,2.0,2.0,1025.0
101,18 E. Lancaster Avenue,Wynnewood,Pennsylvania,19096,PH-06,2373.0,2.0,2.0,1025.0
102,18 E. Lancaster Avenue,Wynnewood,Pennsylvania,19096,PH-19,2373.0,2.0,2.0,1025.0
103,18 E. Lancaster Avenue,Wynnewood,Pennsylvania,19096,2 Bedroom 1 Bathroom,1550.0,2.0,1.0,865.0
104,18 E. Lancaster Avenue,Wynnewood,Pennsylvania,19096,2 Bedroom 2 Bathroom,1650.0,2.0,2.0,1100.0
105,18 E. Lancaster Avenue,Wynnewood,Pennsylvania,19096,2 Bedroom 2 Bathroom,1725.0,2.0,2.0,1015.0
106,18 E. Lancaster Avenue,Wynnewood,Pennsylvania,19096,2 Bedroom 2 Bathroom,1725.0,2.0,2.0,1060.0
107,18 E. Lancaster Avenue,Wynnewood,Pennsylvania,19096,2 Bedroom 2 Bathroom,1775.0,2.0,2.0,1190.0
108,18 E. Lancaster Avenue,Wynnewood,Pennsylvania,19096,2 Bedroom 1 Bathroom,1845.0,2.0,1.0,925.0
109,18 E. Lancaster Avenue,Wynnewood,Pennsylvania,19096,2 Bedroom 2 Bathroom,1899.0,2.0,2.0,790.0
110,18 E. Lancaster Avenue,Wynnewood,Pennsylvania,19096,2 Bedroom 2 Bathroom,2200.0,2.0,2.0,940.0
111,18 E. Lancaster Avenue,Wynnewood,Pennsylvania,19096,2 Bedroom 2 Bathroom,2350.0,2.0,2.0,935.0
112,18 E. Lancaster Avenue,Wynnewood,Pennsylvania,19096,2 Bedroom 2 Bathroom,2350.0,2.0,2.0,1085.0
113,18 E. Lancaster Avenue,Wynnewood,Pennsylvania,19096,2 Bedroom 2 Bathroom,2425.0,2.0,2.0,965.0
114,18 E. Lancaster Avenue,Wynnewood,Pennsylvania,19096,3 Bedroom 2.5 Bathroom Bi-Level,3100.0,3.0,2.5,1600.0
115,18 E. Lancaster Avenue,Wynnewood,Pennsylvania,19096,3 Bedroom 3 Bathroom Bi-Level,3500.0,3.0,3.0,1930.0
116,18 E. Lancaster Avenue,Wynnewood,Pennsylvania,19096,3 Bedroom 3.5 Bathroom Bi-Level,3500.0,3.0,3.5,1930.0
117,1125 Sansom Street,Philadelphia,Pennsylvania,19107,C1,2257.0,1.0,1.0,806.0
118,1125 Sansom Street,Philadelphia,Pennsylvania,19107,0416,,1.0,1.0,806.0
119,1125 Sansom Street,Philadelphia,Pennsylvania,19107,C5,1932.0,1.0,1.0,706.0
120,1125 Sansom Street,Philadelphia,Pennsylvania,19107,0402,,1.0,1.0,706.0
121,1125 Sansom Street,Philadelphia,Pennsylvania,19107,E1,2013.0,1.0,1.0,626.0
122,1125 Sansom Street,Philadelphia,Pennsylvania,19107,0312,,1.0,1.0,626.0
123,1125 Sansom Street,Philadelphia,Pennsylvania,19107,C3,2110.0,1.0,1.0,748.0
124,1125 Sansom Street,Philadelphia,Pennsylvania,19107,0303,,1.0,1.0,748.0
125,1125 Sansom Street,Philadelphia,Pennsylvania,19107,A,,1.0,1.0,684.0
126,1125 Sansom Street,Philadelphia,Pennsylvania,19107,B,,1.0,1.0,775.0
127,1125 Sansom Street,Philadelphia,Pennsylvania,19107,C2,,1.0,1.0,815.0
128,1125 Sansom Street,Philadelphia,Pennsylvania,19107,C4,,1.0,1.0,805.0
129,1125 Sansom Street,Philadelphia,Pennsylvania,19107,C6,,1.0,1.0,805.0
130,1125 Sansom Street,Philadelphia,Pennsylvania,19107,E2,,1.0,1.0,651.0
131,1125 Sansom Street,Philadelphia,Pennsylvania,19107,E3,,1.0,1.0,845.0
132,1125 Sansom Street,Philadelphia,Pennsylvania,19107,F,,1.0,1.0,878.0
133,1125 Sansom Street,Philadelphia,Pennsylvania,19107,F2,,1.0,1.0,920.0
134,1125 Sansom Street,Philadelphia,Pennsylvania,19107,DUPLEX B1,3948.0,2.0,2.0,1527.0
135,1125 Sansom Street,Philadelphia,Pennsylvania,19107,0619,,2.0,2.0,1527.0
136,1125 Sansom Street,Philadelphia,Pennsylvania,19107,D2,2716.0,2.0,2.0,1141.0
137,1125 Sansom Street,Philadelphia,Pennsylvania,19107,0411,,2.0,2.0,1141.0
138,1125 Sansom Street,Philadelphia,Pennsylvania,19107,DUPLEX A2,4525.0,2.0,2.0,1822.0
139,1125 Sansom Street,Philadelphia,Pennsylvania,19107,0623,,2.0,2.0,1822.0
140,1125 Sansom Street,Philadelphia,Pennsylvania,19107,D1,,2.0,2.0,1117.0
141,1125 Sansom Street,Philadelphia,Pennsylvania,19107,D3,,2.0,2.0,1109.0
142,1125 Sansom Street,Philadelphia,Pennsylvania,19107,D4,,2.0,2.0,1277.0
143,1125 Sansom Street,Philadelphia,Pennsylvania,19107,D5,,2.0,2.0,1429.0
144,1125 Sansom Street,Philadelphia,Pennsylvania,19107,DUPLEX A1,,2.0,2.0,1692.0
145,1125 Sansom Street,Philadelphia,Pennsylvania,19107,DUPLEX C1,,2.0,2.0,1597.0
146,1125 Sansom Street,Philadelphia,Pennsylvania,19107,DUPLEX C2,,2.0,2.0,1774.0
147,1125 Sansom Street,Philadelphia,Pennsylvania,19107,DUPLEX E1,,2.0,2.0,1739.0
148,1125 Sansom Street,Philadelphia,Pennsylvania,19107,DUPLEX E2,,2.0,2.0,1938.0
149,1125 Sansom Street,Philadelphia,Pennsylvania,19107,E4,,2.0,2.0,995.0
150,1199 Ludlow St,Philadelphia,Pennsylvania,19107,C - 1B,2170.0,1.0,1.0,586.0
151,1199 Ludlow St,Philadelphia,Pennsylvania,19107,2205,2280.0,1.0,1.0,586.0
152,1199 Ludlow St,Philadelphia,Pennsylvania,19107,2305,2290.0,1.0,1.0,586.0
153,1199 Ludlow St,Philadelphia,Pennsylvania,19107,1005,2170.0,1.0,1.0,586.0
154,1199 Ludlow St,Philadelphia,Pennsylvania,19107,E - 1B,2210.0,1.0,1.0,579.0
155,1199 Ludlow St,Philadelphia,Pennsylvania,19107,1709,2210.0,1.0,1.0,579.0
156,1199 Ludlow St,Philadelphia,Pennsylvania,19107,1809,2220.0,1.0,1.0,579.0
157,1199 Ludlow St,Philadelphia,Pennsylvania,19107,1909,2230.0,1.0,1.0,579.0
158,1199 Ludlow St,Philadelphia,Pennsylvania,19107,2009,2240.0,1.0,1.0,579.0
159,1199 Ludlow St,Philadelphia,Pennsylvania,19107,2109,2250.0,1.0,1.0,579.0
160,1199 Ludlow St,Philadelphia,Pennsylvania,19107,2209,2260.0,1.0,1.0,579.0
161,1199 Ludlow St,Philadelphia,Pennsylvania,19107,2309,2270.0,1.0,1.0,579.0
162,1199 Ludlow St,Philadelphia,Pennsylvania,19107,A - 1B,2215.0,1.0,1.0,545.0
163,1199 Ludlow St,Philadelphia,Pennsylvania,19107,1601,2215.0,1.0,1.0,545.0
164,1199 Ludlow St,Philadelphia,Pennsylvania,19107,1701,2225.0,1.0,1.0,545.0
165,1199 Ludlow St,Philadelphia,Pennsylvania,19107,1801,2260.0,1.0,1.0,545.0
166,1199 Ludlow St,Philadelphia,Pennsylvania,19107,2001,2280.0,1.0,1.0,545.0
167,1199 Ludlow St,Philadelphia,Pennsylvania,19107,J - 1B,2330.0,1.0,1.0,662.0
168,1199 Ludlow St,Philadelphia,Pennsylvania,19107,1104,2330.0,1.0,1.0,662.0
169,1199 Ludlow St,Philadelphia,Pennsylvania,19107,1504,2360.0,1.0,1.0,662.0
170,1199 Ludlow St,Philadelphia,Pennsylvania,19107,1604,2370.0,1.0,1.0,662.0
171,1199 Ludlow St,Philadelphia,Pennsylvania,19107,1704,2380.0,1.0,1.0,662.0
172,1199 Ludlow St,Philadelphia,Pennsylvania,19107,1804,2390.0,1.0,1.0,662.0
173,1199 Ludlow St,Philadelphia,Pennsylvania,19107,2004,2410.0,1.0,1.0,662.0
174,1199 Ludlow St,Philadelphia,Pennsylvania,19107,2104,2470.0,1.0,1.0,662.0
175,1199 Ludlow St,Philadelphia,Pennsylvania,19107,2204,2480.0,1.0,1.0,662.0
176,1199 Ludlow St,Philadelphia,Pennsylvania,19107,2304,2490.0,1.0,1.0,662.0
177,1199 Ludlow St,Philadelphia,Pennsylvania,19107,D - 1B,2340.0,1.0,1.0,637.0
178,1199 Ludlow St,Philadelphia,Pennsylvania,19107,1607,2340.0,1.0,1.0,637.0
179,1199 Ludlow St,Philadelphia,Pennsylvania,19107,2107,2390.0,1.0,1.0,637.0
180,1199 Ludlow St,Philadelphia,Pennsylvania,19107,2207,2400.0,1.0,1.0,637.0
181,1199 Ludlow St,Philadelphia,Pennsylvania,19107,2007,2380.0,1.0,1.0,637.0
182,1199 Ludlow St,Philadelphia,Pennsylvania,19107,2307,2410.0,1.0,1.0,637.0
183,1199 Ludlow St,Philadelphia,Pennsylvania,19107,K - 1B,2375.0,1.0,1.0,610.0
184,1199 Ludlow St,Philadelphia,Pennsylvania,19107,1402,2375.0,1.0,1.0,610.0
185,1199 Ludlow St,Philadelphia,Pennsylvania,19107,1802,2430.0,1.0,1.0,610.0
186,1199 Ludlow St,Philadelphia,Pennsylvania,19107,1902,2440.0,1.0,1.0,610.0
187,1199 Ludlow St,Philadelphia,Pennsylvania,19107,2002,2450.0,1.0,1.0,610.0
188,1199 Ludlow St,Philadelphia,Pennsylvania,19107,2102,2560.0,1.0,1.0,610.0
189,1199 Ludlow St,Philadelphia,Pennsylvania,19107,I-2 - 1B + Den,2720.0,1.0,1.0,836.0
190,1199 Ludlow St,Philadelphia,Pennsylvania,19107,1006,2720.0,1.0,1.0,836.0
191,1199 Ludlow St,Philadelphia,Pennsylvania,19107,1106,2730.0,1.0,1.0,836.0
192,1199 Ludlow St,Philadelphia,Pennsylvania,19107,1406,2750.0,1.0,1.0,836.0
193,1199 Ludlow St,Philadelphia,Pennsylvania,19107,1506,2760.0,1.0,1.0,836.0
194,1199 Ludlow St,Philadelphia,Pennsylvania,19107,1706,2780.0,1.0,1.0,836.0
195,1199 Ludlow St,Philadelphia,Pennsylvania,19107,1806,2790.0,1.0,1.0,836.0
196,1199 Ludlow St,Philadelphia,Pennsylvania,19107,1906,2800.0,1.0,1.0,836.0
197,1199 Ludlow St,Philadelphia,Pennsylvania,19107,2006,2810.0,1.0,1.0,836.0
198,1199 Ludlow St,Philadelphia,Pennsylvania,19107,I-1 - 1B + Den,2790.0,1.0,1.0,836.0
199,1199 Ludlow St,Philadelphia,Pennsylvania,19107,1808,2790.0,1.0,1.0,836.0
200,1199 Ludlow St,Philadelphia,Pennsylvania,19107,1908,2800.0,1.0,1.0,836.0
201,1199 Ludlow St,Philadelphia,Pennsylvania,19107,2008,2810.0,1.0,1.0,836.0
202,1199 Ludlow St,Philadelphia,Pennsylvania,19107,2108,2870.0,1.0,1.0,836.0
203,1199 Ludlow St,Philadelphia,Pennsylvania,19107,2308,2890.0,1.0,1.0,836.0
204,1199 Ludlow St,Philadelphia,Pennsylvania,19107,B - 1B,2410.0,1.0,1.0,632.0
205,1199 Ludlow St,Philadelphia,Pennsylvania,19107,2303,2410.0,1.0,1.0,632.0
206,1199 Ludlow St,Philadelphia,Pennsylvania,19107,G - 1B,2695.0,1.0,1.0,899.0
207,1199 Ludlow St,Philadelphia,Pennsylvania,19107,F - 2B,4315.0,2.0,2.0,1238.0
208,1199 Ludlow St,Philadelphia,Pennsylvania,19107,1211,4315.0,2.0,2.0,1238.0
209,1199 Ludlow St,Philadelphia,Pennsylvania,19107,1711,4355.0,2.0,2.0,1238.0
210,1199 Ludlow St,Philadelphia,Pennsylvania,19107,H - 2B,3285.0,2.0,2.0,1098.0
211,3737 Chestnut St,Philadelphia,Pennsylvania,19104,MicroSuite,2279.0,0.0,1.0,545.0
212,3737 Chestnut St,Philadelphia,Pennsylvania,19104,0310,,0.0,1.0,545.0
213,3737 Chestnut St,Philadelphia,Pennsylvania,19104,0510,,0.0,1.0,545.0
214,3737 Chestnut St,Philadelphia,Pennsylvania,19104,2110,,0.0,1.0,545.0
215,3737 Chestnut St,Philadelphia,Pennsylvania,19104,MicroSuite (Furnished),,0.0,1.0,545.0
216,3737 Chestnut St,Philadelphia,Pennsylvania,19104,0410,3499.0,0.0,1.0,545.0
217,3737 Chestnut St,Philadelphia,Pennsylvania,19104,2210,3499.0,0.0,1.0,545.0
218,3737 Chestnut St,Philadelphia,Pennsylvania,19104,1910,3499.0,0.0,1.0,545.0
219,3737 Chestnut St,Philadelphia,Pennsylvania,19104,1710,3499.0,0.0,1.0,545.0
220,3737 Chestnut St,Philadelphia,Pennsylvania,19104,2310,3499.0,0.0,1.0,545.0
221,3737 Chestnut St,Philadelphia,Pennsylvania,19104,1 Bedroom (Unfurnished),1889.0,1.0,1.0,651.0
222,3737 Chestnut St,Philadelphia,Pennsylvania,19104,2601,,1.0,1.0,686.0
223,3737 Chestnut St,Philadelphia,Pennsylvania,19104,2612,,1.0,1.0,651.0
224,3737 Chestnut St,Philadelphia,Pennsylvania,19104,2102,,1.0,1.0,691.0
225,3737 Chestnut St,Philadelphia,Pennsylvania,19104,0512,,1.0,1.0,651.0
226,3737 Chestnut St,Philadelphia,Pennsylvania,19104,0302,,1.0,1.0,691.0
227,3737 Chestnut St,Philadelphia,Pennsylvania,19104,1604,,1.0,1.0,677.0
228,3737 Chestnut St,Philadelphia,Pennsylvania,19104,1 Bedroom With Den (Unfurnished),2781.0,1.0,2.0,898.0
229,3737 Chestnut St,Philadelphia,Pennsylvania,19104,2607,,1.0,2.0,898.0
230,3737 Chestnut St,Philadelphia,Pennsylvania,19104,0407,,1.0,2.0,898.0
231,3737 Chestnut St,Philadelphia,Pennsylvania,19104,0707,,1.0,2.0,898.0
232,3737 Chestnut St,Philadelphia,Pennsylvania,19104,1 Bedroom (Furnished),,1.0,1.0,632.0
233,3737 Chestnut St,Philadelphia,Pennsylvania,19104,0812,4380.0,1.0,1.0,651.0
234,3737 Chestnut St,Philadelphia,Pennsylvania,19104,1208,4380.0,1.0,1.0,632.0
235,3737 Chestnut St,Philadelphia,Pennsylvania,19104,1408,4380.0,1.0,1.0,632.0
236,3737 Chestnut St,Philadelphia,Pennsylvania,19104,2012,4380.0,1.0,1.0,651.0
237,3737 Chestnut St,Philadelphia,Pennsylvania,19104,1 Bedroom w/Den (Furnished),4890.0,1.0,2.0,898.0
238,3737 Chestnut St,Philadelphia,Pennsylvania,19104,1807,4890.0,1.0,2.0,898.0
239,3737 Chestnut St,Philadelphia,Pennsylvania,19104,2307,4890.0,1.0,2.0,898.0
240,3737 Chestnut St,Philadelphia,Pennsylvania,19104,2 Bedroom (Unfurnished),3089.0,2.0,2.0,1009.0
241,3737 Chestnut St,Philadelphia,Pennsylvania,19104,0606,,2.0,2.0,1009.0
242,3737 Chestnut St,Philadelphia,Pennsylvania,19104,1411,,2.0,2.0,1009.0
243,3737 Chestnut St,Philadelphia,Pennsylvania,19104,2006,,2.0,2.0,1009.0
244,3737 Chestnut St,Philadelphia,Pennsylvania,19104,1806,,2.0,2.0,1009.0
245,3737 Chestnut St,Philadelphia,Pennsylvania,19104,1509,,2.0,2.0,1009.0
246,3737 Chestnut St,Philadelphia,Pennsylvania,19104,2106,,2.0,2.0,1009.0
247,3737 Chestnut St,Philadelphia,Pennsylvania,19104,0806,,2.0,2.0,1009.0
248,3737 Chestnut St,Philadelphia,Pennsylvania,19104,2 Bedroom (Furnished),,2.0,2.0,1009.0
249,3737 Chestnut St,Philadelphia,Pennsylvania,19104,0411,4900.0,2.0,2.0,1009.0
250,3737 Chestnut St,Philadelphia,Pennsylvania,19104,0909,4900.0,2.0,2.0,1009.0
251,3737 Chestnut St,Philadelphia,Pennsylvania,19104,1911,4900.0,2.0,2.0,1009.0
252,3737 Chestnut St,Philadelphia,Pennsylvania,19104,2111,4900.0,2.0,2.0,1009.0
253,3737 Chestnut St,Philadelphia,Pennsylvania,19104,0311,4900.0,2.0,2.0,1009.0
254,3737 Chestnut St,Philadelphia,Pennsylvania,19104,0711,4900.0,2.0,2.0,1009.0
255,7715 Crittenden St,Philadelphia,Pennsylvania,19118,Village 1 Bed - 1C,1195.0,1.0,1.0,585.0
256,7715 Crittenden St,Philadelphia,Pennsylvania,19118,07-203,1139.0,1.0,1.0,585.0
257,7715 Crittenden St,Philadelphia,Pennsylvania,19118,09-001,1109.0,1.0,1.0,585.0
258,7715 Crittenden St,Philadelphia,Pennsylvania,19118,11-301,1171.0,1.0,1.0,585.0
259,7715 Crittenden St,Philadelphia,Pennsylvania,19118,12-103,1139.0,1.0,1.0,585.0
260,7715 Crittenden St,Philadelphia,Pennsylvania,19118,09-203,1199.0,1.0,1.0,585.0
261,7715 Crittenden St,Philadelphia,Pennsylvania,19118,13-101,1361.0,1.0,1.0,585.0
262,7715 Crittenden St,Philadelphia,Pennsylvania,19118,09-103,1372.0,1.0,1.0,585.0
263,7715 Crittenden St,Philadelphia,Pennsylvania,19118,12-203,1186.0,1.0,1.0,585.0
264,7715 Crittenden St,Philadelphia,Pennsylvania,19118,Manor 1 Bed - 1D,1255.0,1.0,1.0,740.0
265,7715 Crittenden St,Philadelphia,Pennsylvania,19118,M 416,1249.0,1.0,1.0,740.0
266,7715 Crittenden St,Philadelphia,Pennsylvania,19118,M 307,1199.0,1.0,1.0,740.0
267,7715 Crittenden St,Philadelphia,Pennsylvania,19118,Village 1 Bed + Den - 1FD,1335.0,1.0,1.0,830.0
268,7715 Crittenden St,Philadelphia,Pennsylvania,19118,04-211,1429.0,1.0,1.0,830.0
269,7715 Crittenden St,Philadelphia,Pennsylvania,19118,04-308,1472.0,1.0,1.0,830.0
270,7715 Crittenden St,Philadelphia,Pennsylvania,19118,06-302,1468.0,1.0,1.0,830.0
271,7715 Crittenden St,Philadelphia,Pennsylvania,19118,06-304,1468.0,1.0,1.0,830.0
272,7715 Crittenden St,Philadelphia,Pennsylvania,19118,06-309,1457.0,1.0,1.0,830.0
273,7715 Crittenden St,Philadelphia,Pennsylvania,19118,09-104,1446.0,1.0,1.0,830.0
274,7715 Crittenden St,Philadelphia,Pennsylvania,19118,11-111,1429.0,1.0,1.0,830.0
275,7715 Crittenden St,Philadelphia,Pennsylvania,19118,11-114,1390.0,1.0,1.0,830.0
276,7715 Crittenden St,Philadelphia,Pennsylvania,19118,12-105,1446.0,1.0,1.0,830.0
277,7715 Crittenden St,Philadelphia,Pennsylvania,19118,12-211,1429.0,1.0,1.0,830.0
278,7715 Crittenden St,Philadelphia,Pennsylvania,19118,13-107,1435.0,1.0,1.0,830.0
279,7715 Crittenden St,Philadelphia,Pennsylvania,19118,13-309,1468.0,1.0,1.0,830.0
280,7715 Crittenden St,Philadelphia,Pennsylvania,19118,11-108,1489.0,1.0,1.0,830.0
281,7715 Crittenden St,Philadelphia,Pennsylvania,19118,04-101,1332.0,1.0,1.0,830.0
282,7715 Crittenden St,Philadelphia,Pennsylvania,19118,12-312,1501.0,1.0,1.0,830.0
283,7715 Crittenden St,Philadelphia,Pennsylvania,19118,13-108,1489.0,1.0,1.0,830.0
284,7715 Crittenden St,Philadelphia,Pennsylvania,19118,04-104,1443.0,1.0,1.0,830.0
285,7715 Crittenden St,Philadelphia,Pennsylvania,19118,13-105,1374.0,1.0,1.0,830.0
286,7715 Crittenden St,Philadelphia,Pennsylvania,19118,07-309,1308.0,1.0,1.0,830.0
287,7715 Crittenden St,Philadelphia,Pennsylvania,19118,07-111,1312.0,1.0,1.0,830.0
288,7715 Crittenden St,Philadelphia,Pennsylvania,19118,13-114,1262.0,1.0,1.0,830.0
289,7715 Crittenden St,Philadelphia,Pennsylvania,19118,04-114,1151.0,1.0,1.0,830.0
290,7715 Crittenden St,Philadelphia,Pennsylvania,19118,Village 1 Bedroom - 1E,1426.0,1.0,1.0,770.0
291,7715 Crittenden St,Philadelphia,Pennsylvania,19118,01-111,1209.0,1.0,1.0,770.0
292,7715 Crittenden St,Philadelphia,Pennsylvania,19118,02-307,1334.0,1.0,1.0,770.0
293,7715 Crittenden St,Philadelphia,Pennsylvania,19118,05-306,1219.0,1.0,1.0,770.0
294,7715 Crittenden St,Philadelphia,Pennsylvania,19118,10-107,1219.0,1.0,1.0,770.0
295,7715 Crittenden St,Philadelphia,Pennsylvania,19118,01-112,1219.0,1.0,1.0,770.0
296,7715 Crittenden St,Philadelphia,Pennsylvania,19118,Village 1 Bed - 1B,1279.0,1.0,1.0,550.0
297,7715 Crittenden St,Philadelphia,Pennsylvania,19118,11-003,1269.0,1.0,1.0,550.0
298,7715 Crittenden St,Philadelphia,Pennsylvania,19118,Village 1 Bed + Den - 1AD,1491.0,1.0,1.5,875.0
299,7715 Crittenden St,Philadelphia,Pennsylvania,19118,03-306,1506.0,1.0,1.5,875.0
300,7715 Crittenden St,Philadelphia,Pennsylvania,19118,11-110,1460.0,1.0,1.5,875.0
301,7715 Crittenden St,Philadelphia,Pennsylvania,19118,Village 1 Bed - 1A,1025.0,1.0,1.0,440.0
302,7715 Crittenden St,Philadelphia,Pennsylvania,19118,Manor 2 Bed - 2A,1590.0,2.0,1.5,960.0
303,7715 Crittenden St,Philadelphia,Pennsylvania,19118,M 211,1621.0,2.0,1.5,960.0
304,7715 Crittenden St,Philadelphia,Pennsylvania,19118,M 217,1727.0,2.0,1.5,960.0
305,7715 Crittenden St,Philadelphia,Pennsylvania,19118,M 229,1595.0,2.0,1.5,960.0
306,7715 Crittenden St,Philadelphia,Pennsylvania,19118,M 704,1747.0,2.0,1.5,960.0
307,7715 Crittenden St,Philadelphia,Pennsylvania,19118,M 711,1747.0,2.0,1.5,960.0
308,7715 Crittenden St,Philadelphia,Pennsylvania,19118,M 724,1768.0,2.0,1.5,960.0
309,7715 Crittenden St,Philadelphia,Pennsylvania,19118,M 609,1613.0,2.0,1.5,960.0
310,7715 Crittenden St,Philadelphia,Pennsylvania,19118,Village 2 Bed + Den - 2AD,1601.0,2.0,2.0,1015.0
311,7715 Crittenden St,Philadelphia,Pennsylvania,19118,03-204,1647.0,2.0,2.0,1015.0
312,7715 Crittenden St,Philadelphia,Pennsylvania,19118,03-205,1748.0,2.0,2.0,1015.0
313,7715 Crittenden St,Philadelphia,Pennsylvania,19118,02-303,1674.0,2.0,2.0,1015.0
314,7715 Crittenden St,Philadelphia,Pennsylvania,19118,05-110,1659.0,2.0,2.0,1015.0
315,7715 Crittenden St,Philadelphia,Pennsylvania,19118,08-109,1639.0,2.0,2.0,1015.0
316,7715 Crittenden St,Philadelphia,Pennsylvania,19118,01-108,1649.0,2.0,2.0,1015.0
317,7715 Crittenden St,Philadelphia,Pennsylvania,19118,01-208,1639.0,2.0,2.0,1015.0
318,7715 Crittenden St,Philadelphia,Pennsylvania,19118,08-303,1649.0,2.0,2.0,1015.0
319,7715 Crittenden St,Philadelphia,Pennsylvania,19118,01-104,1779.0,2.0,2.0,1015.0
320,7715 Crittenden St,Philadelphia,Pennsylvania,19118,02-204,1667.0,2.0,2.0,1015.0
321,7715 Crittenden St,Philadelphia,Pennsylvania,19118,Village 2 Bed - 2B,1897.0,2.0,2.0,1070.0
322,7715 Crittenden St,Philadelphia,Pennsylvania,19118,04-002,1796.0,2.0,2.0,1070.0
323,7715 Crittenden St,Philadelphia,Pennsylvania,19118,09-002,1835.0,2.0,2.0,1070.0
324,7715 Crittenden St,Philadelphia,Pennsylvania,19118,09-302,1885.0,2.0,2.0,1070.0
325,7715 Crittenden St,Philadelphia,Pennsylvania,19118,12-302,1963.0,2.0,2.0,1070.0
326,7715 Crittenden St,Philadelphia,Pennsylvania,19118,14-102,1971.0,2.0,2.0,1070.0
327,7715 Crittenden St,Philadelphia,Pennsylvania,19118,11-302,1984.0,2.0,2.0,1070.0
328,7715 Crittenden St,Philadelphia,Pennsylvania,19118,Premier Townhome 2 Bed,2094.0,2.0,2.5,1650.0
329,7715 Crittenden St,Philadelphia,Pennsylvania,19118,T 139,1939.0,2.0,2.5,1650.0
330,7715 Crittenden St,Philadelphia,Pennsylvania,19118,T 157,1938.0,2.0,2.5,1650.0
331,7715 Crittenden St,Philadelphia,Pennsylvania,19118,T 130,2070.0,2.0,2.5,1650.0
332,7715 Crittenden St,Philadelphia,Pennsylvania,19118,T 202,1995.0,2.0,2.5,1650.0
333,7715 Crittenden St,Philadelphia,Pennsylvania,19118,T 183,2040.0,2.0,2.5,1650.0
334,7715 Crittenden St,Philadelphia,Pennsylvania,19118,T 176,2055.0,2.0,2.5,1650.0
335,7715 Crittenden St,Philadelphia,Pennsylvania,19118,T 173,2070.0,2.0,2.5,1650.0
336,7715 Crittenden St,Philadelphia,Pennsylvania,19118,T 178,2064.0,2.0,2.5,1650.0
337,7715 Crittenden St,Philadelphia,Pennsylvania,19118,T 112,2049.0,2.0,2.5,1650.0
338,7715 Crittenden St,Philadelphia,Pennsylvania,19118,T 205,1930.0,2.0,2.5,1650.0
339,7715 Crittenden St,Philadelphia,Pennsylvania,19118,T 179,1989.0,2.0,2.5,1650.0
340,7715 Crittenden St,Philadelphia,Pennsylvania,19118,Premier Townhome - 2 Bed,2034.0,2.0,2.5,1650.0
341,7715 Crittenden St,Philadelphia,Pennsylvania,19118,Classic Townhome 3 Bed,2026.0,3.0,2.5,2000.0
342,7715 Crittenden St,Philadelphia,Pennsylvania,19118,T 208,2240.0,3.0,2.5,2000.0
343,7715 Crittenden St,Philadelphia,Pennsylvania,19118,T 223,2270.0,3.0,2.5,2000.0
344,7715 Crittenden St,Philadelphia,Pennsylvania,19118,T 119,2274.0,3.0,2.5,2000.0
345,7715 Crittenden St,Philadelphia,Pennsylvania,19118,T 159,2289.0,3.0,2.5,2000.0
346,7715 Crittenden St,Philadelphia,Pennsylvania,19118,T 152,2255.0,3.0,2.5,2000.0
347,7715 Crittenden St,Philadelphia,Pennsylvania,19118,T 210,2527.0,3.0,2.5,2000.0
348,7715 Crittenden St,Philadelphia,Pennsylvania,19118,Premier Townhome,1982.0,3.0,2.5,2000.0
349,1900 Chestnut St,Philadelphia,Pennsylvania,19103,S8,2150.0,0.0,1.0,542.0
350,1900 Chestnut St,Philadelphia,Pennsylvania,19103,S6,2595.0,1.0,1.0,670.0
351,1900 Chestnut St,Philadelphia,Pennsylvania,19103,S3,2650.0,1.0,1.0,704.0
352,1900 Chestnut St,Philadelphia,Pennsylvania,19103,S7 1br/study,2895.0,1.0,1.0,774.0
353,1900 Chestnut St,Philadelphia,Pennsylvania,19103,S4,2650.0,1.0,1.0,694.0
354,1900 Chestnut St,Philadelphia,Pennsylvania,19103,S2,2895.0,1.0,1.0,763.0
355,1900 Chestnut St,Philadelphia,Pennsylvania,19103,S5 1br/den,3500.0,1.0,1.5,962.0
356,1900 Chestnut St,Philadelphia,Pennsylvania,19103,P6 1br/study,3655.0,1.0,1.0,830.0
357,1900 Chestnut St,Philadelphia,Pennsylvania,19103,P2,4050.0,1.0,1.5,922.0
358,1900 Chestnut St,Philadelphia,Pennsylvania,19103,P1,4350.0,1.0,1.5,1032.0
359,1900 Chestnut St,Philadelphia,Pennsylvania,19103,P4,6100.0,2.0,2.0,1012.0
360,1900 Chestnut St,Philadelphia,Pennsylvania,19103,S1,4075.0,2.0,2.0,1164.0
361,1900 Chestnut St,Philadelphia,Pennsylvania,19103,P3,4310.0,2.0,3.0,1720.0
362,1900 Chestnut St,Philadelphia,Pennsylvania,19103,S9,4850.0,2.0,2.0,1274.0
363,1900 Chestnut St,Philadelphia,Pennsylvania,19103,S4-6 w/ Den,4900.0,2.0,2.0,1364.0
364,1900 Chestnut St,Philadelphia,Pennsylvania,19103,S5-7,6300.0,2.0,2.5,1750.0
365,1900 Chestnut St,Philadelphia,Pennsylvania,19103,P5,4180.0,3.0,3.0,1900.0
366,1900 Chestnut St,Philadelphia,Pennsylvania,19103,S8/9,7500.0,3.0,3.0,1910.0
367,1900 Chestnut St,Philadelphia,Pennsylvania,19103,P6,7600.0,3.0,3.0,1902.0
368,8880 Bartram Avenue,Philadelphia,Pennsylvania,19153,Studio,1314.0,0.0,1.0,300.0
369,6100 City Avenue,Philadelphia,Pennsylvania,19131,The Executive,1193.0,1.0,1.0,775.0
370,6100 City Avenue,Philadelphia,Pennsylvania,19131,P307,1631.0,1.0,1.0,775.0
371,6100 City Avenue,Philadelphia,Pennsylvania,19131,1701,1581.0,1.0,1.0,775.0
372,6100 City Avenue,Philadelphia,Pennsylvania,19131,1108,1365.0,1.0,1.0,775.0
373,6100 City Avenue,Philadelphia,Pennsylvania,19131,P110,1395.0,1.0,1.0,775.0
374,6100 City Avenue,Philadelphia,Pennsylvania,19131,1408,1375.0,1.0,1.0,775.0
375,6100 City Avenue,Philadelphia,Pennsylvania,19131,The Professional,1371.0,1.0,1.0,705.0
376,6100 City Avenue,Philadelphia,Pennsylvania,19131,905,1350.0,1.0,1.0,705.0
377,6100 City Avenue,Philadelphia,Pennsylvania,19131,The Counselor,1310.0,1.0,2.0,985.0
378,6100 City Avenue,Philadelphia,Pennsylvania,19131,The Senator,1335.0,1.0,1.0,835.0
379,6100 City Avenue,Philadelphia,Pennsylvania,19131,The Director,1360.0,1.0,1.0,885.0
380,6100 City Avenue,Philadelphia,Pennsylvania,19131,The Administrator,1426.0,1.0,2.0,900.0
381,6100 City Avenue,Philadelphia,Pennsylvania,19131,The Chairman,1663.0,2.0,2.0,1050.0
382,6100 City Avenue,Philadelphia,Pennsylvania,19131,1102,1673.0,2.0,2.0,1050.0
383,6100 City Avenue,Philadelphia,Pennsylvania,19131,1413,1683.0,2.0,2.0,1050.0
384,6100 City Avenue,Philadelphia,Pennsylvania,19131,1813,1693.0,2.0,2.0,1050.0
385,6100 City Avenue,Philadelphia,Pennsylvania,19131,612,1643.0,2.0,2.0,1050.0
386,6100 City Avenue,Philadelphia,Pennsylvania,19131,902,1668.0,2.0,2.0,1050.0
387,6100 City Avenue,Philadelphia,Pennsylvania,19131,The President,1538.0,2.0,2.0,985.0
388,6100 City Avenue,Philadelphia,Pennsylvania,19131,The Ambassador,2091.0,3.0,2.0,1200.0
389,6100 City Avenue,Philadelphia,Pennsylvania,19131,812,3100.0,3.0,2.0,1200.0
